,date,long_trades,short_trades,short_returns,long_returns,total_returns,initial_investment,total_capital,total_investment,returns_1,transaction_cost,weekly_date,monthly_date
0,2019-05-05,0,0,0.0,0.0,0.0,5000.0,10000.0,0.0,0.0,0.0,2019-04-28,2019-04-05
1,2019-05-06,2,0,0.0,0.0,0.0,5000.0,5006.2000732421875,4993.7999267578125,0.0,99.87599853515626,2019-04-29,2019-04-06
2,2019-05-07,3,0,0.0,-29.43988037109375,-29.43988037109375,2503.1000366210938,2520.4400634765625,7479.5599365234375,-0.002943988037109375,149.00240112304687,2019-04-30,2019-04-07
3,2019-05-08,4,0,0.0,15.880126953125,15.880126953125,1260.2200317382812,1288.8800964355469,8711.119903564453,0.0015880126953125,174.54000061035157,2019-05-01,2019-04-08
4,2019-05-09,5,0,0.0,104.03985595703125,104.03985595703125,644.4400482177734,666.1400909423828,9333.859909057617,0.010403985595703125,188.75799530029298,2019-05-02,2019-04-09
5,2019-05-10,6,0,0.0,175.18002319335938,175.18002319335938,333.0700454711914,354.98008728027344,9645.019912719727,0.017518002319335937,196.40399871826173,2019-05-03,2019-04-10
6,2019-05-11,6,0,0.0,175.18002319335938,175.18002319335938,177.49004364013672,354.98008728027344,9645.019912719727,0.017518002319335937,196.40399871826173,2019-05-04,2019-04-11
7,2019-05-12,6,0,0.0,175.18002319335938,175.18002319335938,177.49004364013672,354.98008728027344,9645.019912719727,0.017518002319335937,196.40399871826173,2019-05-05,2019-04-12
8,2019-05-13,6,1,-29.43994140625,124.08016967773438,94.64022827148438,177.49004364013672,2684.230155944824,9772.08991241455,0.009464022827148437,198.2082014465332,2019-05-06,2019-04-13
9,2019-05-14,6,1,-29.43994140625,171.24991607666016,141.80997467041016,1342.115077972412,2684.230155944824,9772.08991241455,0.014180997467041016,199.1515963745117,2019-05-07,2019-04-14
10,2019-05-15,6,1,-29.43994140625,163.11004638671875,133.67010498046875,1342.115077972412,2684.230155944824,9772.08991241455,0.013367010498046875,198.9887989807129,2019-05-08,2019-04-15
11,2019-05-16,7,1,-29.43994140625,208.1800994873047,178.7401580810547,1342.115077972412,2128.3801651000977,10327.939903259277,0.017874015808105468,211.00719985961913,2019-05-09,2019-04-16
12,2019-05-17,7,1,-29.43994140625,215.72008514404297,186.28014373779297,1064.1900825500488,2128.3801651000977,10327.939903259277,0.018628014373779297,211.1579995727539,2019-05-10,2019-04-17
13,2019-05-18,7,1,-29.43994140625,215.72008514404297,186.28014373779297,1064.1900825500488,2128.3801651000977,10327.939903259277,0.018628014373779297,211.1579995727539,2019-05-11,2019-04-18
14,2019-05-19,7,1,-29.43994140625,215.72008514404297,186.28014373779297,1064.1900825500488,2128.3801651000977,10327.939903259277,0.018628014373779297,211.1579995727539,2019-05-12,2019-04-19
15,2019-05-20,6,2,-29.73993682861328,237.5801773071289,207.84024047851562,1064.1900825500488,2439.2401733398438,10327.939903259277,0.02078402404785156,210.71560287475586,2019-05-13,2019-04-20
16,2019-05-21,7,2,-29.73993682861328,326.69022369384766,296.9502868652344,1219.6200866699219,1932.4801635742188,10834.699913024902,0.029695028686523437,222.63300399780272,2019-05-14,2019-04-21
17,2019-05-22,8,2,-29.73993682861328,341.14013671875,311.4001998901367,966.2400817871094,1845.1901626586914,10921.98991394043,0.03114001998901367,224.66780227661133,2019-05-15,2019-04-22
18,2019-05-23,8,2,-29.73993682861328,341.39002990722656,311.6500930786133,922.5950813293457,1845.1901626586914,10921.98991394043,0.031165009307861327,224.67280014038084,2019-05-16,2019-04-23
19,2019-05-24,8,2,-29.73993682861328,342.2201156616211,312.4801788330078,922.5950813293457,1845.1901626586914,10921.98991394043,0.031248017883300783,224.68940185546876,2019-05-17,2019-04-24
20,2019-05-25,8,2,-29.73993682861328,342.2201156616211,312.4801788330078,922.5950813293457,1845.1901626586914,10921.98991394043,0.031248017883300783,224.68940185546876,2019-05-18,2019-04-25
21,2019-05-26,8,2,-29.73993682861328,342.2201156616211,312.4801788330078,922.5950813293457,1845.1901626586914,10921.98991394043,0.031248017883300783,224.68940185546876,2019-05-19,2019-04-26
22,2019-05-27,8,2,-29.73993682861328,342.2201156616211,312.4801788330078,922.5950813293457,1845.1901626586914,10921.98991394043,0.031248017883300783,224.68940185546876,2019-05-20,2019-04-27
23,2019-05-28,3,7,2.3301010131835938,247.8499298095703,250.1800308227539,922.5950813293457,4452.6801834106445,10921.98991394043,0.025018003082275392,223.44339889526367,2019-05-21,2019-04-28
24,2019-05-29,3,8,5.380104064941406,269.72015380859375,275.10025787353516,2226.3400917053223,4260.690200805664,11672.879890441895,0.027510025787353516,238.95960296630858,2019-05-22,2019-04-29
25,2019-05-30,4,8,5.380104064941406,297.51002502441406,302.89012908935547,2130.345100402832,3365.170181274414,12568.399909973145,0.030289012908935545,257.42580078125,2019-05-23,2019-04-30
26,2019-05-31,4,8,5.380104064941406,324.2100372314453,329.5901412963867,1682.585090637207,3365.170181274414,12568.399909973145,0.03295901412963867,257.9598010253906,2019-05-24,2019-05-01
27,2019-06-05,5,8,5.380104064941406,629.9100570678711,635.2901611328125,1682.585090637207,1739.5702056884766,14193.999885559082,0.06352901611328125,296.5858009338379,2019-05-29,2019-05-06
28,2019-06-06,7,8,5.380104064941406,651.5601043701172,656.9402084350586,869.7851028442383,1272.9901962280273,14660.579895019531,0.06569402084350585,306.35040206909184,2019-05-30,2019-05-07
29,2019-06-07,9,8,5.380104064941406,683.8801727294922,689.2602767944336,636.4950981140137,963.9101943969727,14969.659896850586,0.06892602767944336,313.1784034729004,2019-05-31,2019-05-08
30,2019-06-08,9,8,5.380104064941406,683.8801727294922,689.2602767944336,481.9550971984863,963.9101943969727,14969.659896850586,0.06892602767944336,313.1784034729004,2019-06-01,2019-05-09
31,2019-06-09,9,8,5.380104064941406,683.8801727294922,689.2602767944336,481.9550971984863,963.9101943969727,14969.659896850586,0.06892602767944336,313.1784034729004,2019-06-02,2019-05-10
32,2019-06-10,11,8,5.380104064941406,665.5400161743164,670.9201202392578,481.9550971984863,504.29019927978516,15429.279891967773,0.06709201202392578,322.0040002441406,2019-06-03,2019-05-11
33,2019-06-11,7,13,437.8001022338867,1.2500419616699219,439.05014419555664,252.14509963989258,7554.6401290893555,15663.419891357422,0.04390501441955567,322.04940071105955,2019-06-04,2019-05-12
34,2019-06-12,8,13,437.8001022338867,27.110095977783203,464.9101982116699,3777.3200645446777,3794.819999694824,19423.240020751953,0.04649101982116699,397.76300437927245,2019-06-05,2019-05-13
35,2019-06-13,9,13,437.8001022338867,35.77985382080078,473.5799560546875,1897.409999847412,3007.859977722168,20210.20004272461,0.04735799560546875,413.6755999755859,2019-06-06,2019-05-14
36,2019-06-14,9,13,437.8001022338867,98.38994979858398,536.1900520324707,1503.929988861084,3007.859977722168,20210.20004272461,0.05361900520324707,414.92780189514156,2019-06-07,2019-05-15
37,2019-06-15,9,13,437.8001022338867,98.38994979858398,536.1900520324707,1503.929988861084,3007.859977722168,20210.20004272461,0.05361900520324707,414.92780189514156,2019-06-08,2019-05-16
38,2019-06-16,9,13,437.8001022338867,98.38994979858398,536.1900520324707,1503.929988861084,3007.859977722168,20210.20004272461,0.05361900520324707,414.92780189514156,2019-06-09,2019-05-17
39,2019-06-17,9,14,434.94010162353516,130.31001663208008,565.2501182556152,1503.929988861084,2811.2999877929688,20553.200035095215,0.05652501182556152,422.3690030670166,2019-06-10,2019-05-18
40,2019-06-18,9,14,434.94010162353516,106.34975051879883,541.289852142334,1405.6499938964844,2811.2999877929688,20553.200035095215,0.0541289852142334,421.8897977447509,2019-06-11,2019-05-19
41,2019-06-19,8,15,434.2501029968262,175.56993103027344,609.8200340270996,1405.6499938964844,2863.3899879455566,20553.200035095215,0.06098200340270996,423.2604013824463,2019-06-12,2019-05-20
42,2019-06-20,8,15,434.2501029968262,346.7801818847656,781.0302848815918,1431.6949939727783,2863.3899879455566,20553.200035095215,0.07810302848815918,426.68460639953616,2019-06-13,2019-05-21
43,2019-06-21,7,17,488.9700736999512,249.40006256103516,738.3701362609863,1431.6949939727783,4210.909915924072,21140.720054626465,0.07383701362609864,437.581803817749,2019-06-14,2019-05-22
44,2019-06-22,7,17,488.9700736999512,249.40006256103516,738.3701362609863,2105.454957962036,4210.909915924072,21140.720054626465,0.07383701362609864,437.581803817749,2019-06-15,2019-05-23
45,2019-06-23,7,17,488.9700736999512,249.40006256103516,738.3701362609863,2105.454957962036,4210.909915924072,21140.720054626465,0.07383701362609864,437.581803817749,2019-06-16,2019-05-24
46,2019-06-24,7,19,502.67007064819336,328.1396713256836,830.809741973877,2105.454957962036,3522.609935760498,22345.500022888184,0.08308097419738769,463.5261952972412,2019-06-17,2019-05-25
47,2019-06-25,5,21,486.2700309753418,262.9997787475586,749.2698097229004,1761.304967880249,4327.869915008545,22345.500022888184,0.07492698097229004,461.8953966522217,2019-06-18,2019-05-26
48,2019-06-26,4,23,466.7300224304199,284.5599899291992,751.2900123596191,2163.9349575042725,5249.709926605225,22597.92002105713,0.07512900123596192,466.984200668335,2019-06-19,2019-05-27
49,2019-06-27,4,23,466.7300224304199,274.10009765625,740.8301200866699,2624.8549633026123,5249.709926605225,22597.92002105713,0.07408301200866699,466.775002822876,2019-06-20,2019-05-28
50,2019-06-28,4,23,466.7300224304199,327.010009765625,793.7400321960449,2624.8549633026123,5249.709926605225,22597.92002105713,0.07937400321960449,467.8332010650635,2019-06-21,2019-05-29
51,2019-06-29,4,23,466.7300224304199,327.010009765625,793.7400321960449,2624.8549633026123,5249.709926605225,22597.92002105713,0.07937400321960449,467.8332010650635,2019-06-22,2019-05-30
52,2019-06-30,4,23,466.7300224304199,327.010009765625,793.7400321960449,2624.8549633026123,5249.709926605225,22597.92002105713,0.07937400321960449,467.8332010650635,2019-06-23,2019-05-31
53,2019-07-05,6,23,466.7300224304199,338.5797348022461,805.309757232666,2624.8549633026123,3494.0499687194824,24353.57997894287,0.0805309757232666,503.1777947235108,2019-06-28,2019-06-05
54,2019-07-06,6,23,466.7300224304199,338.5797348022461,805.309757232666,1747.0249843597412,3494.0499687194824,24353.57997894287,0.0805309757232666,503.1777947235108,2019-06-29,2019-06-06
55,2019-07-07,6,23,466.7300224304199,338.5797348022461,805.309757232666,1747.0249843597412,3494.0499687194824,24353.57997894287,0.0805309757232666,503.1777947235108,2019-06-30,2019-06-07
56,2019-07-08,8,24,451.13007736206055,323.4800262451172,774.6101036071777,1747.0249843597412,2784.3499870300293,26086.39998626709,0.07746101036071777,537.2202017974854,2019-07-01,2019-06-08
57,2019-07-09,11,24,451.13007736206055,381.16969299316406,832.2997703552246,1392.1749935150146,1393.0099830627441,27477.739990234375,0.08322997703552246,566.200795211792,2019-07-02,2019-06-09
58,2019-07-10,13,24,451.13007736206055,438.059814453125,889.1898918151855,696.5049915313721,736.7699775695801,28133.97999572754,0.08891898918151855,580.4633977508545,2019-07-03,2019-06-10
59,2019-07-11,13,25,421.2501029968262,481.3297424316406,902.5798454284668,368.38498878479004,1057.949993133545,28499.859992980957,0.09025798454284668,588.0487967681885,2019-07-04,2019-06-11
60,2019-07-12,12,27,417.330135345459,522.6696624755859,939.9997978210449,528.9749965667725,1508.0499992370605,28571.83999633789,0.09399997978210449,590.2367958831787,2019-07-05,2019-06-12
61,2019-07-13,12,27,417.330135345459,522.6696624755859,939.9997978210449,754.0249996185303,1508.0499992370605,28571.83999633789,0.09399997978210449,590.2367958831787,2019-07-06,2019-06-13
62,2019-07-14,12,27,417.330135345459,522.6696624755859,939.9997978210449,754.0249996185303,1508.0499992370605,28571.83999633789,0.09399997978210449,590.2367958831787,2019-07-07,2019-06-14
63,2019-07-15,13,27,417.330135345459,511.5196533203125,928.8497886657715,754.0249996185303,1471.0400009155273,28608.849994659424,0.09288497886657715,590.7539956665039,2019-07-08,2019-06-15
64,2019-07-16,10,30,417.4901313781738,457.05973052978516,874.549861907959,735.5200004577637,1877.5199966430664,28608.849994659424,0.0874549861907959,589.6679971313476,2019-07-09,2019-06-16
65,2019-07-17,9,31,416.65013122558594,506.45994567871094,923.1100769042969,938.7599983215332,1913.6899948120117,28608.849994659424,0.09231100769042969,590.6392014312744,2019-07-10,2019-06-17
66,2019-07-18,8,33,429.9901580810547,550.4099426269531,980.4001007080078,956.8449974060059,2621.0900497436523,29198.849994659424,0.09804001007080078,603.5850019073487,2019-07-11,2019-06-18
67,2019-07-19,6,36,406.8701705932617,484.90000915527344,891.7701797485352,1310.5450248718262,3609.1500549316406,29909.489986419678,0.08917701797485351,616.0252033233643,2019-07-12,2019-06-19
68,2019-07-20,6,36,406.8701705932617,484.90000915527344,891.7701797485352,1804.5750274658203,3609.1500549316406,29909.489986419678,0.08917701797485351,616.0252033233643,2019-07-13,2019-06-20
69,2019-07-21,6,36,406.8701705932617,484.90000915527344,891.7701797485352,1804.5750274658203,3609.1500549316406,29909.489986419678,0.08917701797485351,616.0252033233643,2019-07-14,2019-06-21
70,2019-07-22,5,38,419.3901901245117,535.2000198364258,954.5902099609375,1804.5750274658203,4426.950057983398,30203.609981536865,0.09545902099609375,623.1640038299561,2019-07-15,2019-06-22
71,2019-07-23,6,38,419.3901901245117,520.6096954345703,939.999885559082,2213.475028991699,4172.31005859375,30458.249980926514,0.0939999885559082,627.9649973297119,2019-07-16,2019-06-23
72,2019-07-24,5,40,418.98018646240234,429.89981842041016,848.8800048828125,2086.155029296875,4503.760070800781,31354.249980926514,0.08488800048828125,644.0625997161866,2019-07-17,2019-06-24
73,2019-07-25,6,41,713.6600570678711,34.46002960205078,748.1200866699219,2251.8800354003906,7581.860050201416,32330.65000152588,0.07481200866699218,661.575401763916,2019-07-18,2019-06-25
74,2019-07-26,6,41,713.6600570678711,55.0699577331543,768.7300148010254,3790.930025100708,7581.860050201416,32330.65000152588,0.07687300148010254,661.9876003265382,2019-07-19,2019-06-26
75,2019-07-27,6,41,713.6600570678711,55.0699577331543,768.7300148010254,3790.930025100708,7581.860050201416,32330.65000152588,0.07687300148010254,661.9876003265382,2019-07-20,2019-06-27
76,2019-07-28,6,41,713.6600570678711,55.0699577331543,768.7300148010254,3790.930025100708,7581.860050201416,32330.65000152588,0.07687300148010254,661.9876003265382,2019-07-21,2019-06-28
77,2019-07-29,7,41,713.6600570678711,58.72001266479492,772.380069732666,3790.930025100708,7471.410053253174,32441.09999847412,0.0772380069732666,664.2696013641358,2019-07-22,2019-06-29
78,2019-07-30,7,41,713.6600570678711,51.06996726989746,764.7300243377686,3735.705026626587,7471.410053253174,32441.09999847412,0.07647300243377686,664.1166004562378,2019-07-23,2019-06-30
79,2019-07-31,5,43,698.8600082397461,38.660037994384766,737.5200462341309,3735.705026626587,9183.130023956299,32441.09999847412,0.07375200462341308,682.4846004486084,2019-07-24,2019-07-01
80,2019-08-05,2,46,701.3199844360352,5.7899932861328125,707.109977722168,4591.565011978149,10444.989986419678,32441.09999847412,0.0707109977722168,707.721799697876,2019-07-29,2019-07-06
81,2019-08-06,5,46,701.3199844360352,11.809999465942383,713.1299839019775,5222.494993209839,5223.579940795898,37662.5100440979,0.07131299839019775,767.5128005599976,2019-07-30,2019-07-07
82,2019-08-07,6,46,701.3199844360352,40.229997634887695,741.5499820709229,2611.789970397949,3797.6298828125,39088.4601020813,0.07415499820709229,796.6002016830445,2019-07-31,2019-07-08
83,2019-08-08,8,46,701.3199844360352,147.18997192382812,848.5099563598633,1898.81494140625,2137.019905090332,40749.07007980347,0.08485099563598633,831.9516007232667,2019-08-01,2019-07-09
84,2019-08-09,10,46,701.3199844360352,200.2900047302246,901.6099891662598,1068.509952545166,1126.3999099731445,41759.690074920654,0.09016099891662598,853.2260012817383,2019-08-02,2019-07-10
85,2019-08-10,10,46,701.3199844360352,200.2900047302246,901.6099891662598,563.1999549865723,1126.3999099731445,41759.690074920654,0.09016099891662598,853.2260012817383,2019-08-03,2019-07-11
86,2019-08-11,10,46,701.3199844360352,200.2900047302246,901.6099891662598,563.1999549865723,1126.3999099731445,41759.690074920654,0.09016099891662598,853.2260012817383,2019-08-04,2019-07-12
87,2019-08-12,10,46,701.3199844360352,121.55997085571289,822.879955291748,563.1999549865723,1126.3999099731445,41759.690074920654,0.0822879955291748,851.6514006042481,2019-08-05,2019-07-13
88,2019-08-13,10,47,700.9899826049805,167.50001525878906,868.4899978637695,563.1999549865723,853.3399085998535,42070.41007614136,0.08684899978637696,858.7780014801025,2019-08-06,2019-07-14
89,2019-08-14,3,54,677.9398193359375,0.26003265380859375,678.1998519897461,426.66995429992676,8975.359825134277,42070.41007614136,0.06781998519897461,870.9153980255127,2019-08-07,2019-07-15
90,2019-08-15,4,54,677.9398193359375,39.61003112792969,717.5498504638672,4487.679912567139,7731.359825134277,43314.41007614136,0.07175498504638672,880.6391985321045,2019-08-08,2019-07-16
91,2019-08-16,4,54,677.9398193359375,37.93004608154297,715.8698654174805,3865.6799125671387,7731.359825134277,43314.41007614136,0.07158698654174804,880.6055988311767,2019-08-09,2019-07-17
92,2019-08-17,4,54,677.9398193359375,37.93004608154297,715.8698654174805,3865.6799125671387,7731.359825134277,43314.41007614136,0.07158698654174804,880.6055988311767,2019-08-10,2019-07-18
93,2019-08-18,4,54,677.9398193359375,37.93004608154297,715.8698654174805,3865.6799125671387,7731.359825134277,43314.41007614136,0.07158698654174804,880.6055988311767,2019-08-11,2019-07-19
94,2019-08-19,4,54,677.9398193359375,68.00003051757812,745.9398498535156,3865.6799125671387,7731.359825134277,43314.41007614136,0.07459398498535157,881.2069985198974,2019-08-12,2019-07-20
95,2019-08-20,5,54,677.9398193359375,45.349945068359375,723.2897644042969,3865.6799125671387,6668.409843444824,44377.36005783081,0.07232897644042968,902.0129964447021,2019-08-13,2019-07-21
96,2019-08-21,7,54,677.9398193359375,69.68994140625,747.6297607421875,3334.204921722412,5168.379859924316,45877.39004135132,0.07476297607421875,932.5003960418701,2019-08-14,2019-07-22
97,2019-08-22,8,55,662.579833984375,73.2601089477539,735.8399429321289,2584.189929962158,4778.079864501953,46917.7000541687,0.07358399429321288,953.0707999420166,2019-08-15,2019-07-23
98,2019-08-23,8,56,644.0798492431641,33.5899658203125,677.6698150634766,2389.0399322509766,5424.369857788086,47315.86005783081,0.06776698150634766,959.8705974578858,2019-08-16,2019-07-24
99,2019-08-24,8,56,644.0798492431641,33.5899658203125,677.6698150634766,2712.184928894043,5424.369857788086,47315.86005783081,0.06776698150634766,959.8705974578858,2019-08-17,2019-07-25
100,2019-08-25,8,56,644.0798492431641,33.5899658203125,677.6698150634766,2712.184928894043,5424.369857788086,47315.86005783081,0.06776698150634766,959.8705974578858,2019-08-18,2019-07-26
101,2019-08-26,8,56,644.0798492431641,87.59001159667969,731.6698608398438,2712.184928894043,5424.369857788086,47315.86005783081,0.07316698608398438,960.9505983734131,2019-08-19,2019-07-27
102,2019-08-27,9,56,644.0798492431641,91.43010711669922,735.5099563598633,2712.184928894043,3922.699836730957,48817.53007888794,0.07355099563598633,991.0608007049561,2019-08-20,2019-07-28
103,2019-08-28,11,56,644.0798492431641,96.449951171875,740.5298004150391,1961.3499183654785,2706.6198654174805,50033.610050201416,0.0740529800415039,1015.4827970123291,2019-08-21,2019-07-29
104,2019-08-29,10,57,652.5698547363281,77.19992065429688,729.769775390625,1353.3099327087402,2825.5598678588867,50033.610050201416,0.0729769775390625,1015.2675965118408,2019-08-22,2019-07-30
105,2019-08-30,10,58,648.6498565673828,103.30989837646484,751.9597549438477,1412.7799339294434,2259.269874572754,50759.46004104614,0.07519597549438477,1030.2283959197998,2019-08-23,2019-07-31
106,2019-08-31,10,58,648.6498565673828,103.30989837646484,751.9597549438477,1129.634937286377,2259.269874572754,50759.46004104614,0.07519597549438477,1030.2283959197998,2019-08-24,2019-08-01
107,2019-09-05,9,59,629.4498519897461,118.2000961303711,747.6499481201172,1129.634937286377,2515.0498809814453,50759.46004104614,0.07476499481201172,1030.1421997833252,2019-08-29,2019-08-06
108,2019-09-06,9,62,613.6997909545898,71.77001953125,685.4698104858398,1257.5249404907227,4926.849796295166,51974.05005645752,0.06854698104858399,1053.1903973388671,2019-08-30,2019-08-07
109,2019-09-07,9,62,613.6997909545898,71.77001953125,685.4698104858398,2463.424898147583,4926.849796295166,51974.05005645752,0.06854698104858399,1053.1903973388671,2019-08-31,2019-08-08
110,2019-09-08,9,62,613.6997909545898,71.77001953125,685.4698104858398,2463.424898147583,4926.849796295166,51974.05005645752,0.06854698104858399,1053.1903973388671,2019-09-01,2019-08-09
111,2019-09-09,3,69,547.5397415161133,-7.829978942871094,539.7097625732422,2463.424898147583,9023.189762115479,52617.09003448486,0.05397097625732422,1082.8055959320068,2019-09-02,2019-08-10
112,2019-09-10,4,70,532.859748840332,3.6300201416015625,536.4897689819336,4511.594881057739,5153.039863586426,57115.59991836548,0.05364897689819336,1153.041793746948,2019-09-03,2019-08-11
113,2019-09-11,5,70,532.859748840332,37.12000274658203,569.9797515869141,2576.519931793213,3996.0898361206055,58272.5499458313,0.05699797515869141,1176.8505939483641,2019-09-04,2019-08-12
114,2019-09-12,6,70,532.859748840332,73.63020706176758,606.4899559020996,1998.0449180603027,2885.6798095703125,59382.95997238159,0.06064899559020996,1199.7889985656739,2019-09-05,2019-08-13
115,2019-09-13,7,71,476.80992889404297,33.169944763183594,509.97987365722656,1442.8399047851562,3675.939884185791,60583.359996795654,0.050997987365722655,1221.8667974090577,2019-09-06,2019-08-14
116,2019-09-14,7,71,476.80992889404297,33.169944763183594,509.97987365722656,1837.9699420928955,3675.939884185791,60583.359996795654,0.050997987365722655,1221.8667974090577,2019-09-07,2019-08-15
117,2019-09-15,7,71,476.80992889404297,33.169944763183594,509.97987365722656,1837.9699420928955,3675.939884185791,60583.359996795654,0.050997987365722655,1221.8667974090577,2019-09-08,2019-08-16
118,2019-09-16,7,72,478.6499710083008,30.909896850585938,509.5598678588867,1837.9699420928955,5666.4398765563965,61046.50001144409,0.050955986785888675,1231.1211975860597,2019-09-09,2019-08-17
119,2019-09-17,7,72,478.6499710083008,76.93981552124023,555.589786529541,2833.2199382781982,5666.4398765563965,61046.50001144409,0.0555589786529541,1232.041795959473,2019-09-10,2019-08-18
120,2019-09-18,7,72,478.6499710083008,87.47990036010742,566.1298713684082,2833.2199382781982,5666.4398765563965,61046.50001144409,0.05661298713684082,1232.2525976562501,2019-09-11,2019-08-19
121,2019-09-19,7,73,452.9699478149414,81.0699462890625,534.0398941040039,2833.2199382781982,4965.4598960876465,62170.999980926514,0.05340398941040039,1254.1007975006103,2019-09-12,2019-08-20
122,2019-09-20,8,73,452.9699478149414,85.9199447631836,538.889892578125,2482.7299480438232,4124.759883880615,63011.699993133545,0.0538889892578125,1271.0117977142334,2019-09-13,2019-08-21
123,2019-09-21,8,73,452.9699478149414,85.9199447631836,538.889892578125,2062.3799419403076,4124.759883880615,63011.699993133545,0.0538889892578125,1271.0117977142334,2019-09-14,2019-08-22
124,2019-09-22,8,73,452.9699478149414,85.9199447631836,538.889892578125,2062.3799419403076,4124.759883880615,63011.699993133545,0.0538889892578125,1271.0117977142334,2019-09-15,2019-08-23
125,2019-09-23,9,73,452.9699478149414,98.08991622924805,551.0598640441895,2062.3799419403076,3330.359920501709,63806.09995651245,0.055105986404418945,1287.1431964111327,2019-09-16,2019-08-24
126,2019-09-24,10,73,452.9699478149414,126.68003463745117,579.6499824523926,1665.1799602508545,2650.139904022217,64486.31997299194,0.057964998245239256,1301.3193991088867,2019-09-17,2019-08-25
127,2019-09-25,10,73,452.9699478149414,154.82980346679688,607.7997512817383,1325.0699520111084,2650.139904022217,64486.31997299194,0.060779975128173826,1301.8823944854737,2019-09-18,2019-08-26
128,2019-09-26,10,74,434.26993560791016,179.86997985839844,614.1399154663086,1325.0699520111084,2776.1198921203613,65182.3399848938,0.06141399154663086,1315.9295980072022,2019-09-19,2019-08-27
129,2019-09-27,10,75,433.48994064331055,157.10994338989258,590.5998840332031,1388.0599460601807,2201.7398948669434,65871.91998672485,0.059059988403320315,1329.2503974151612,2019-09-20,2019-08-28
130,2019-09-28,10,75,433.48994064331055,157.10994338989258,590.5998840332031,1100.8699474334717,2201.7398948669434,65871.91998672485,0.059059988403320315,1329.2503974151612,2019-09-21,2019-08-29
131,2019-09-29,10,75,433.48994064331055,157.10994338989258,590.5998840332031,1100.8699474334717,2201.7398948669434,65871.91998672485,0.059059988403320315,1329.2503974151612,2019-09-22,2019-08-30
132,2019-09-30,10,76,421.13993072509766,193.02993774414062,614.1698684692383,1100.8699474334717,2847.4898986816406,65909.8399848938,0.06141698684692383,1330.4801970672606,2019-09-23,2019-08-31
133,2019-10-05,10,76,421.13993072509766,193.02993774414062,614.1698684692383,1423.7449493408203,2847.4898986816406,65909.8399848938,0.06141698684692383,1330.4801970672606,2019-09-28,2019-09-05
134,2019-10-06,10,76,421.13993072509766,193.02993774414062,614.1698684692383,1423.7449493408203,2847.4898986816406,65909.8399848938,0.06141698684692383,1330.4801970672606,2019-09-29,2019-09-06
135,2019-10-07,8,81,450.3898162841797,92.65993118286133,543.049747467041,1423.7449493408203,5313.039756774902,67296.40002059937,0.0543049747467041,1356.788995361328,2019-09-30,2019-09-07
136,2019-10-08,7,83,473.599853515625,47.78986358642578,521.3897171020508,2656.519878387451,3911.4996490478516,69911.95013809204,0.05213897171020508,1408.666797103882,2019-10-01,2019-09-08
137,2019-10-09,8,83,473.599853515625,55.38981628417969,528.9896697998047,1955.7498245239258,1981.209716796875,71842.24007034302,0.05289896697998047,1447.4245948028565,2019-10-02,2019-09-09
138,2019-10-10,11,83,473.599853515625,96.18005752563477,569.7799110412598,990.6048583984375,1004.9497032165527,72818.50008392334,0.05697799110412598,1467.765599899292,2019-10-03,2019-09-10
139,2019-10-11,9,85,354.29980087280273,160.83996963500977,515.1397705078125,502.47485160827637,3539.1197662353516,72818.50008392334,0.05151397705078125,1466.672797088623,2019-10-04,2019-09-11
140,2019-10-12,9,85,354.29980087280273,160.83996963500977,515.1397705078125,1769.5598831176758,3539.1197662353516,72818.50008392334,0.05151397705078125,1466.672797088623,2019-10-05,2019-09-12
141,2019-10-13,9,85,354.29980087280273,160.83996963500977,515.1397705078125,1769.5598831176758,3539.1197662353516,72818.50008392334,0.05151397705078125,1466.672797088623,2019-10-06,2019-09-13
142,2019-10-14,8,86,364.13976669311523,149.37992477416992,513.5196914672852,1769.5598831176758,4300.159744262695,72818.50008392334,0.051351969146728516,1466.6403955078126,2019-10-07,2019-09-14
143,2019-10-15,8,86,364.13976669311523,237.7399673461914,601.8797340393066,2150.0798721313477,4300.159744262695,72818.50008392334,0.060187973403930665,1468.407596359253,2019-10-08,2019-09-15
144,2019-10-16,8,86,364.13976669311523,234.39001274108887,598.5297794342041,2150.0798721313477,4300.159744262695,72818.50008392334,0.05985297794342041,1468.340597267151,2019-10-09,2019-09-16
145,2019-10-17,8,86,364.13976669311523,261.50000762939453,625.6397743225098,2150.0798721313477,4300.159744262695,72818.50008392334,0.06256397743225098,1468.882797164917,2019-10-10,2019-09-17
146,2019-10-18,7,87,382.94976234436035,236.5099220275879,619.4596843719482,2150.0798721313477,4813.34974861145,72818.50008392334,0.061945968437194826,1468.759195365906,2019-10-11,2019-09-18
147,2019-10-19,7,87,382.94976234436035,236.5099220275879,619.4596843719482,2406.674874305725,4813.34974861145,72818.50008392334,0.061945968437194826,1468.759195365906,2019-10-12,2019-09-19
148,2019-10-20,7,87,382.94976234436035,236.5099220275879,619.4596843719482,2406.674874305725,4813.34974861145,72818.50008392334,0.061945968437194826,1468.759195365906,2019-10-13,2019-09-20
149,2019-10-21,8,87,382.94976234436035,274.1499671936035,657.0997295379639,2406.674874305725,3948.069719314575,73683.78011322021,0.06570997295379638,1486.8175968551636,2019-10-14,2019-09-21
150,2019-10-22,10,87,382.94976234436035,302.19002532958984,685.1397876739502,1974.0348596572876,2630.7097034454346,75001.14012908936,0.06851397876739503,1513.725598335266,2019-10-15,2019-09-22
151,2019-10-23,10,87,382.94976234436035,319.0798034667969,702.0295658111572,1315.3548517227173,2630.7097034454346,75001.14012908936,0.07020295658111572,1514.0633938980104,2019-10-16,2019-09-23
152,2019-10-24,9,88,396.3297367095947,371.8300590515137,768.1597957611084,1315.3548517227173,3324.309694290161,75001.14012908936,0.07681597957611085,1515.3859984970093,2019-10-17,2019-09-24
153,2019-10-25,10,88,396.3297367095947,376.9098434448242,773.239580154419,1662.1548471450806,2925.009702682495,75400.44012069702,0.0773239580154419,1523.4735940170287,2019-10-18,2019-09-25
154,2019-10-26,10,88,396.3297367095947,376.9098434448242,773.239580154419,1462.5048513412476,2925.009702682495,75400.44012069702,0.0773239580154419,1523.4735940170287,2019-10-19,2019-09-26
155,2019-10-27,10,88,396.3297367095947,376.9098434448242,773.239580154419,1462.5048513412476,2925.009702682495,75400.44012069702,0.0773239580154419,1523.4735940170287,2019-10-20,2019-09-27
156,2019-10-28,7,91,464.64966773986816,337.6600151062012,802.3096828460693,1462.5048513412476,4632.159666061401,75400.44012069702,0.08023096828460693,1524.0549960708618,2019-10-21,2019-09-28
157,2019-10-29,7,93,457.72966957092285,344.22009658813477,801.9497661590576,2316.0798330307007,4430.199636459351,77306.25017929077,0.08019497661590576,1562.1639989089965,2019-10-22,2019-09-29
158,2019-10-30,7,93,457.72966957092285,372.91992950439453,830.6495990753174,2215.0998182296753,4430.199636459351,77306.25017929077,0.08306495990753174,1562.7379955673218,2019-10-23,2019-09-30
159,2019-10-31,7,93,457.72966957092285,368.31982421875,826.0494937896729,2215.0998182296753,4430.199636459351,77306.25017929077,0.08260494937896729,1562.645993461609,2019-10-24,2019-10-01
160,2019-11-05,6,96,443.0396480560303,408.26995849609375,851.309606552124,2215.0998182296753,4608.769624710083,79418.10021972656,0.0851309606552124,1605.3881965255737,2019-10-29,2019-10-06
161,2019-11-06,6,97,471.2996425628662,373.2999382019043,844.5995807647705,2304.3848123550415,2840.029535293579,81714.75031280518,0.08445995807647705,1651.186997871399,2019-10-30,2019-10-07
162,2019-11-07,7,97,471.2996425628662,345.92981338500977,817.229455947876,1420.0147676467896,1517.4994983673096,83037.28034973145,0.0817229455947876,1677.0901961135864,2019-10-31,2019-10-08
163,2019-11-08,8,98,407.85958671569824,415.8301315307617,823.68971824646,758.7497491836548,2995.1295490264893,83792.86033630371,0.08236897182464599,1692.3310010910036,2019-11-01,2019-10-09
164,2019-11-09,8,98,407.85958671569824,415.8301315307617,823.68971824646,1497.5647745132446,2995.1295490264893,83792.86033630371,0.08236897182464599,1692.3310010910036,2019-11-02,2019-10-10
165,2019-11-10,8,98,407.85958671569824,415.8301315307617,823.68971824646,1497.5647745132446,2995.1295490264893,83792.86033630371,0.08236897182464599,1692.3310010910036,2019-11-03,2019-10-11
166,2019-11-11,10,98,407.85958671569824,423.390079498291,831.2496662139893,1497.5647745132446,1509.1695880889893,85278.82029724121,0.08312496662139893,1722.201399269104,2019-11-04,2019-10-12
167,2019-11-12,12,98,407.85958671569824,418.0299758911133,825.8895626068115,754.5847940444946,783.9295825958252,86004.06030273438,0.08258895626068115,1736.5989973068238,2019-11-05,2019-10-13
168,2019-11-13,13,99,407.76958656311035,493.64006423950195,901.4096508026123,391.9647912979126,508.3795909881592,86334.33029556274,0.09014096508026123,1744.7147989273071,2019-11-06,2019-10-14
169,2019-11-14,11,101,390.669641494751,512.2300796508789,902.8997211456299,254.1897954940796,1450.7996349334717,86334.33029556274,0.090289972114563,1744.7446003341674,2019-11-07,2019-10-15
170,2019-11-15,12,102,375.7096347808838,614.4902458190918,990.1998805999756,725.3998174667358,2141.3396739959717,86951.36028671265,0.09901998805999755,1758.8312033462523,2019-11-08,2019-10-16
171,2019-11-16,12,102,375.7096347808838,614.4902458190918,990.1998805999756,1070.6698369979858,2141.3396739959717,86951.36028671265,0.09901998805999755,1758.8312033462523,2019-11-09,2019-10-17
172,2019-11-17,12,102,375.7096347808838,614.4902458190918,990.1998805999756,1070.6698369979858,2141.3396739959717,86951.36028671265,0.09901998805999755,1758.8312033462523,2019-11-10,2019-10-18
173,2019-11-18,12,102,375.7096347808838,678.8601150512695,1054.5697498321533,1070.6698369979858,2141.3396739959717,86951.36028671265,0.10545697498321534,1760.1186007308959,2019-11-11,2019-10-19
174,2019-11-19,14,102,375.7096347808838,675.750186920166,1051.4598217010498,1070.6698369979858,1222.0596904754639,87870.64027023315,0.10514598217010498,1778.442001838684,2019-11-12,2019-10-20
175,2019-11-20,13,104,418.8396167755127,596.8100891113281,1015.6497058868408,611.0298452377319,3166.819715499878,88456.00025558472,0.10156497058868408,1789.432999229431,2019-11-13,2019-10-21
176,2019-11-21,11,107,418.42967414855957,553.5300903320312,971.9597644805908,1583.409857749939,3155.6096782684326,90036.64030075073,0.09719597644805908,1820.1720013046265,2019-11-14,2019-10-22
177,2019-11-22,11,107,418.42967414855957,539.7199478149414,958.149621963501,1577.8048391342163,3155.6096782684326,90036.64030075073,0.09581496219635009,1819.8957984542847,2019-11-15,2019-10-23
178,2019-11-23,11,107,418.42967414855957,539.7199478149414,958.149621963501,1577.8048391342163,3155.6096782684326,90036.64030075073,0.09581496219635009,1819.8957984542847,2019-11-16,2019-10-24
179,2019-11-24,11,107,418.42967414855957,539.7199478149414,958.149621963501,1577.8048391342163,3155.6096782684326,90036.64030075073,0.09581496219635009,1819.8957984542847,2019-11-17,2019-10-25
180,2019-11-25,12,107,418.42967414855957,600.9199295043945,1019.3496036529541,1577.8048391342163,1630.4496822357178,91561.80029678345,0.10193496036529541,1851.622998008728,2019-11-18,2019-10-26
181,2019-11-26,12,109,448.9696674346924,613.549877166748,1062.5195446014404,815.2248411178589,1607.2996501922607,92371.0703086853,0.10625195446014404,1868.671797065735,2019-11-19,2019-10-27
182,2019-11-27,14,109,448.9696674346924,684.4200325012207,1133.389699935913,803.6498250961304,1146.7796611785889,92831.59029769897,0.1133389699935913,1879.299599952698,2019-11-20,2019-10-28
183,2019-11-28,14,109,448.9696674346924,684.4200325012207,1133.389699935913,573.3898305892944,1146.7796611785889,92831.59029769897,0.1133389699935913,1879.299599952698,2019-11-21,2019-10-29
184,2019-11-29,14,109,448.9696674346924,632.4299507141113,1081.3996181488037,573.3898305892944,1146.7796611785889,92831.59029769897,0.10813996181488036,1878.2597983169558,2019-11-22,2019-10-30
185,2019-11-30,14,109,448.9696674346924,632.4299507141113,1081.3996181488037,573.3898305892944,1146.7796611785889,92831.59029769897,0.10813996181488036,1878.2597983169558,2019-11-23,2019-10-31
186,2019-12-05,11,114,761.2896938323975,287.19985580444336,1048.4895496368408,573.3898305892944,5017.789667129517,93397.11028671265,0.10484895496368409,1888.9119967269899,2019-11-28,2019-11-05
187,2019-12-06,11,115,760.7296924591064,283.06999588012695,1043.7996883392334,2508.8948335647583,4046.7396335601807,94426.91032028198,0.10437996883392334,1909.4142001724244,2019-11-29,2019-11-06
188,2019-12-07,11,115,760.7296924591064,283.06999588012695,1043.7996883392334,2023.3698167800903,4046.7396335601807,94426.91032028198,0.10437996883392334,1909.4142001724244,2019-11-30,2019-11-07
189,2019-12-08,11,115,760.7296924591064,283.06999588012695,1043.7996883392334,2023.3698167800903,4046.7396335601807,94426.91032028198,0.10437996883392334,1909.4142001724244,2019-12-01,2019-11-08
190,2019-12-09,12,115,760.7296924591064,280.2800521850586,1041.009744644165,2023.3698167800903,3361.2996463775635,95112.3503074646,0.1041009744644165,1923.0672010421754,2019-12-02,2019-11-09
191,2019-12-10,13,115,760.7296924591064,326.2098617553711,1086.9395542144775,1680.6498231887817,1686.7596340179443,96786.89031982422,0.10869395542144776,1957.476597480774,2019-12-03,2019-11-10
192,2019-12-11,16,115,760.7296924591064,373.52002716064453,1134.249719619751,843.3798170089722,870.7896327972412,97602.86032104492,0.1134249719619751,1974.7422008132935,2019-12-04,2019-11-11
193,2019-12-12,13,119,857.6797313690186,273.13997650146484,1130.8197078704834,435.3948163986206,1865.089677810669,97886.58032226562,0.11308197078704833,1980.3480006027223,2019-12-05,2019-11-12
194,2019-12-13,12,121,956.6997737884521,159.14989471435547,1115.8496685028076,932.5448389053345,3596.829767227173,98418.78030395508,0.11158496685028076,1990.6925994491578,2019-12-06,2019-11-13
195,2019-12-14,12,121,956.6997737884521,159.14989471435547,1115.8496685028076,1798.4148836135864,3596.829767227173,98418.78030395508,0.11158496685028076,1990.6925994491578,2019-12-07,2019-11-14
196,2019-12-15,12,121,956.6997737884521,159.14989471435547,1115.8496685028076,1798.4148836135864,3596.829767227173,98418.78030395508,0.11158496685028076,1990.6925994491578,2019-12-08,2019-11-15
197,2019-12-16,12,121,956.6997737884521,179.2999610900879,1135.99973487854,1798.4148836135864,3596.829767227173,98418.78030395508,0.113599973487854,1991.0956007766724,2019-12-09,2019-11-16
198,2019-12-17,10,123,956.7197780609131,165.92997360229492,1122.649751663208,1798.4148836135864,3933.9297733306885,98418.78030395508,0.11226497516632081,1990.8286011123657,2019-12-10,2019-11-17
199,2019-12-18,9,125,916.4097843170166,160.6100082397461,1077.0197925567627,1966.9648866653442,5573.459836959839,99443.28029251099,0.10770197925567628,2010.406001701355,2019-12-11,2019-11-18
200,2019-12-19,10,125,916.4097843170166,172.2600860595703,1088.669870376587,2786.7299184799194,5164.019834518433,99852.72029495239,0.1088669870376587,2018.8278033065797,2019-12-12,2019-11-19
201,2019-12-20,10,125,916.4097843170166,209.97998428344727,1126.3897686004639,2582.0099172592163,5164.019834518433,99852.72029495239,0.11263897686004638,2019.582201271057,2019-12-13,2019-11-20
202,2019-12-21,10,125,916.4097843170166,209.97998428344727,1126.3897686004639,2582.0099172592163,5164.019834518433,99852.72029495239,0.11263897686004638,2019.582201271057,2019-12-14,2019-11-21
203,2019-12-22,10,125,916.4097843170166,209.97998428344727,1126.3897686004639,2582.0099172592163,5164.019834518433,99852.72029495239,0.11263897686004638,2019.582201271057,2019-12-15,2019-11-22
204,2019-12-23,10,125,916.4097843170166,229.2000961303711,1145.6098804473877,2582.0099172592163,5164.019834518433,99852.72029495239,0.11456098804473877,2019.9666035079956,2019-12-16,2019-11-23
205,2019-12-24,10,125,916.4097843170166,235.77009963989258,1152.1798839569092,2582.0099172592163,5164.019834518433,99852.72029495239,0.11521798839569092,2020.098003578186,2019-12-17,2019-11-24
206,2019-12-25,10,125,916.4097843170166,235.77009963989258,1152.1798839569092,2582.0099172592163,5164.019834518433,99852.72029495239,0.11521798839569092,2020.098003578186,2019-12-18,2019-11-25
207,2019-12-26,9,126,923.9097843170166,265.39005279541016,1189.2998371124268,2582.0099172592163,5489.339841842651,99852.72029495239,0.11892998371124268,2020.8404026412964,2019-12-19,2019-11-26
208,2019-12-27,9,126,923.9097843170166,253.10003280639648,1177.009817123413,2744.6699209213257,5489.339841842651,99852.72029495239,0.11770098171234131,2020.5946022415162,2019-12-20,2019-11-27
209,2019-12-28,9,126,923.9097843170166,253.10003280639648,1177.009817123413,2744.6699209213257,5489.339841842651,99852.72029495239,0.11770098171234131,2020.5946022415162,2019-12-21,2019-11-28
210,2019-12-29,9,126,923.9097843170166,253.10003280639648,1177.009817123413,2744.6699209213257,5489.339841842651,99852.72029495239,0.11770098171234131,2020.5946022415162,2019-12-22,2019-11-29
211,2019-12-30,8,127,912.8297672271729,270.5200843811035,1183.3498516082764,2744.6699209213257,5887.699827194214,99852.72029495239,0.11833498516082763,2020.7214029312136,2019-12-23,2019-11-30
212,2019-12-31,9,127,912.8297672271729,275.97003173828125,1188.799798965454,2943.849913597107,4808.369798660278,100932.05032348633,0.1188799798965454,2042.4170024490356,2019-12-24,2019-12-01
213,2020-01-01,9,127,912.8297672271729,275.97003173828125,1188.799798965454,2404.184899330139,4808.369798660278,100932.05032348633,0.1188799798965454,2042.4170024490356,2019-12-25,2019-12-02
214,2020-01-02,7,130,896.5797824859619,268.0900993347168,1164.6698818206787,2404.184899330139,5898.289838790894,101772.41030883789,0.11646698818206787,2058.7416038131714,2019-12-26,2019-12-03
215,2020-01-03,6,132,964.309850692749,156.61994171142578,1120.9297924041748,2949.144919395447,7441.44988822937,102006.92030334473,0.11209297924041749,2062.557001914978,2019-12-27,2019-12-04
216,2020-01-04,6,132,964.309850692749,156.61994171142578,1120.9297924041748,3720.724944114685,7441.44988822937,102006.92030334473,0.11209297924041749,2062.557001914978,2019-12-28,2019-12-05
217,2020-01-05,6,132,964.309850692749,156.61994171142578,1120.9297924041748,3720.724944114685,7441.44988822937,102006.92030334473,0.11209297924041749,2062.557001914978,2019-12-29,2019-12-06
218,2020-01-06,7,132,964.309850692749,171.32007598876953,1135.6299266815186,3720.724944114685,3760.57000541687,105687.80018615723,0.11356299266815185,2136.468602256775,2019-12-30,2019-12-07
219,2020-01-13,9,132,964.309850692749,325.65003967285156,1289.9598903656006,1880.285002708435,1904.7699565887451,107543.60023498535,0.12899598903656007,2176.671202507019,2020-01-06,2019-12-14
220,2020-01-14,10,132,964.309850692749,352.2601547241211,1316.5700054168701,952.3849782943726,1368.6099834442139,108079.76020812988,0.13165700054168702,2187.926604270935,2020-01-07,2019-12-15
221,2020-01-15,11,133,1010.069860458374,346.719970703125,1356.789831161499,684.3049917221069,1115.9499797821045,108643.76020812988,0.1356789831161499,2200.0110007858275,2020-01-08,2019-12-16
222,2020-01-16,11,133,1010.069860458374,408.85015869140625,1418.9200191497803,557.9749898910522,1115.9499797821045,108643.76020812988,0.14189200191497803,2201.2536045455936,2020-01-09,2019-12-17
223,2020-01-17,12,133,1010.069860458374,435.7099838256836,1445.7798442840576,557.9749898910522,736.2099895477295,109023.50019836426,0.14457798442840575,2209.3856008529665,2020-01-10,2019-12-18
224,2020-01-18,12,133,1010.069860458374,435.7099838256836,1445.7798442840576,368.10499477386475,736.2099895477295,109023.50019836426,0.14457798442840575,2209.3856008529665,2020-01-11,2019-12-19
225,2020-01-19,12,133,1010.069860458374,435.7099838256836,1445.7798442840576,368.10499477386475,736.2099895477295,109023.50019836426,0.14457798442840575,2209.3856008529665,2020-01-12,2019-12-20
226,2020-01-20,12,133,1010.069860458374,435.7099838256836,1445.7798442840576,368.10499477386475,736.2099895477295,109023.50019836426,0.14457798442840575,2209.3856008529665,2020-01-13,2019-12-21
227,2020-01-21,11,135,994.32985496521,457.1002731323242,1451.4301280975342,368.10499477386475,1210.1999797821045,109141.30020141602,0.14514301280975342,2211.854606590271,2020-01-14,2019-12-22
228,2020-01-22,12,135,994.32985496521,486.4501953125,1480.78005027771,605.0999898910522,960.7799816131592,109390.72019958496,0.148078005027771,2217.4300049972535,2020-01-15,2019-12-23
229,2020-01-23,12,136,1005.7299098968506,467.5502166748047,1473.2801265716553,480.3899908065796,1670.5400218963623,109532.72019958496,0.14732801265716552,2220.1200065231324,2020-01-16,2019-12-24
230,2020-01-24,14,137,1003.6899089813232,427.02000427246094,1430.7099132537842,835.2700109481812,1049.3500232696533,110269.6702003479,0.14307099132537843,2234.0076022720336,2020-01-17,2019-12-25
231,2020-01-25,14,137,1003.6899089813232,427.02000427246094,1430.7099132537842,524.6750116348267,1049.3500232696533,110269.6702003479,0.14307099132537843,2234.0076022720336,2020-01-18,2019-12-26
232,2020-01-26,14,137,1003.6899089813232,427.02000427246094,1430.7099132537842,524.6750116348267,1049.3500232696533,110269.6702003479,0.14307099132537843,2234.0076022720336,2020-01-19,2019-12-27
233,2020-01-27,10,143,1214.6599025726318,219.83032989501953,1434.4902324676514,524.6750116348267,4069.17999458313,110463.3602027893,0.14344902324676514,2237.9570087051393,2020-01-20,2019-12-28
234,2020-01-28,9,145,1274.4802150726318,64.84997177124023,1339.330186843872,2034.589997291565,7053.190141677856,111529.41023635864,0.1339330186843872,2257.37480846405,2020-01-21,2019-12-29
235,2020-01-29,9,146,1272.990213394165,77.58990478515625,1350.5801181793213,3526.595070838928,5643.650201797485,112983.41017532349,0.13505801181793212,2286.6798058700565,2020-01-22,2019-12-30
236,2020-01-30,9,146,1272.990213394165,129.38999938964844,1402.3802127838135,2821.8251008987427,5643.650201797485,112983.41017532349,0.14023802127838134,2287.715807762146,2020-01-23,2019-12-31
237,2020-01-31,6,149,1260.0402088165283,134.5400390625,1394.5802478790283,2821.8251008987427,6220.030214309692,112983.41017532349,0.13945802478790284,2287.55980846405,2020-01-24,2020-01-01
238,2020-02-01,6,149,1260.0402088165283,134.5400390625,1394.5802478790283,3110.015107154846,6220.030214309692,112983.41017532349,0.13945802478790284,2287.55980846405,2020-01-25,2020-01-02
239,2020-02-02,6,149,1260.0402088165283,134.5400390625,1394.5802478790283,3110.015107154846,6220.030214309692,112983.41017532349,0.13945802478790284,2287.55980846405,2020-01-26,2020-01-03
240,2020-02-03,7,150,1266.8402118682861,154.13006591796875,1420.9702777862549,3110.015107154846,4261.7303104400635,116014.56011581421,0.14209702777862548,2348.7106078720094,2020-01-27,2020-01-04
241,2020-02-04,7,151,1295.3201923370361,186.03004455566406,1481.3502368927002,2130.8651552200317,3189.4103031158447,117794.56011581421,0.14813502368927,2385.518207054138,2020-01-28,2020-01-05
242,2020-02-05,9,151,1295.3201923370361,215.47012329101562,1510.7903156280518,1594.7051515579224,1640.1702518463135,119343.80016708374,0.15107903156280517,2417.091809654236,2020-01-29,2020-01-06
243,2020-02-06,11,151,1295.3201923370361,307.6600036621094,1602.9801959991455,820.0851259231567,823.1102542877197,120160.86016464233,0.16029801959991455,2435.2768072128297,2020-01-30,2020-01-07
244,2020-02-13,12,151,1295.3201923370361,706.8200073242188,2002.1401996612549,411.55512714385986,584.2502460479736,120399.72017288208,0.20021401996612548,2448.037207450867,2020-02-06,2020-01-14
245,2020-02-14,12,151,1295.3201923370361,829.1600112915039,2124.48020362854,292.1251230239868,584.2502460479736,120399.72017288208,0.212448020362854,2450.4840075302127,2020-02-07,2020-01-15
246,2020-02-15,12,151,1295.3201923370361,829.1600112915039,2124.48020362854,292.1251230239868,584.2502460479736,120399.72017288208,0.212448020362854,2450.4840075302127,2020-02-08,2020-01-16
247,2020-02-16,12,151,1295.3201923370361,829.1600112915039,2124.48020362854,292.1251230239868,584.2502460479736,120399.72017288208,0.212448020362854,2450.4840075302127,2020-02-09,2020-01-17
248,2020-02-17,12,151,1295.3201923370361,829.1600112915039,2124.48020362854,292.1251230239868,584.2502460479736,120399.72017288208,0.212448020362854,2450.4840075302127,2020-02-10,2020-01-18
249,2020-02-18,12,152,1309.9602069854736,873.6500549316406,2183.6102619171143,292.1251230239868,1075.0102710723877,120547.48016738892,0.21836102619171144,2454.6218085861206,2020-02-11,2020-01-19
250,2020-02-19,13,152,1309.9602069854736,917.0999374389648,2227.0601444244385,537.5051355361938,961.5302677154541,120660.96017074585,0.22270601444244384,2457.7604063034055,2020-02-12,2020-01-20
251,2020-02-20,11,154,1635.4001789093018,484.6900863647461,2120.090265274048,480.76513385772705,5097.420221328735,120660.96017074585,0.21200902652740478,2455.621008720398,2020-02-13,2020-01-21
252,2020-02-21,12,154,1635.4001789093018,483.15008544921875,2118.5502643585205,2548.7101106643677,4868.610231399536,120889.77016067505,0.21185502643585205,2460.1664085006714,2020-02-14,2020-01-22
253,2020-02-22,12,154,1635.4001789093018,483.15008544921875,2118.5502643585205,2434.305115699768,4868.610231399536,120889.77016067505,0.21185502643585205,2460.1664085006714,2020-02-15,2020-01-23
254,2020-02-23,12,154,1635.4001789093018,483.15008544921875,2118.5502643585205,2434.305115699768,4868.610231399536,120889.77016067505,0.21185502643585205,2460.1664085006714,2020-02-16,2020-01-24
255,2020-02-24,6,162,1714.5002536773682,411.0801239013672,2125.5803775787354,2434.305115699768,6849.9403438568115,122336.29013061523,0.21255803775787355,2489.2374101638793,2020-02-17,2020-01-25
256,2020-02-25,2,167,1713.570363998413,431.7500305175781,2145.320394515991,3424.9701719284058,9653.170370101929,122616.69012451172,0.21453203945159913,2495.397209892273,2020-02-18,2020-01-26
257,2020-02-26,5,167,1713.570363998413,528.0000610351562,2241.5704250335693,4826.585185050964,4839.230360031128,127430.63013458252,0.22415704250335694,2593.444011192322,2020-02-19,2020-01-27
258,2020-02-27,1,171,1872.3101825714111,10.240020751953125,1882.5502033233643,2419.615180015564,11591.910188674927,127430.63013458252,0.18825502033233643,2630.450806465149,2020-02-20,2020-01-28
259,2020-02-28,1,172,1869.350191116333,0.0,1869.350191116333,5795.955094337463,6130.230257034302,133169.75006866455,0.1869350191116333,2700.782005195618,2020-02-21,2020-01-29
260,2020-02-29,1,172,1869.350191116333,0.0,1869.350191116333,3065.115128517151,6130.230257034302,133169.75006866455,0.1869350191116333,2700.782005195618,2020-02-22,2020-01-30
261,2020-03-01,1,172,1869.350191116333,0.0,1869.350191116333,3065.115128517151,6130.230257034302,133169.75006866455,0.1869350191116333,2700.782005195618,2020-02-23,2020-01-31
262,2020-03-02,3,172,1869.350191116333,453.2398681640625,2322.5900592803955,3065.115128517151,3067.260171890259,136232.7201538086,0.23225900592803955,2771.10620426178,2020-02-24,2020-02-01
263,2020-03-03,5,173,1852.2501773834229,452.0997734069824,2304.3499507904053,1533.6300859451294,2237.8801593780518,137719.64014434814,0.23043499507904053,2800.479801902771,2020-02-25,2020-02-02
264,2020-03-04,6,173,1852.2501773834229,750.16015625,2602.410333633423,1118.9400796890259,2127.750162124634,137829.77014160156,0.2602410333633423,2808.6436095047,2020-02-26,2020-02-03
265,2020-03-05,8,174,1854.210168838501,909.4602966308594,2763.6704654693604,1063.875081062317,1506.7501697540283,138810.21013641357,0.27636704654693606,2831.4776120376587,2020-02-27,2020-02-04
266,2020-03-06,9,174,1854.210168838501,865.1097412109375,2719.3199100494385,753.3750848770142,794.7401638031006,139522.2201423645,0.27193199100494386,2844.8308010482788,2020-02-28,2020-02-05
267,2020-03-13,2,182,1665.1502857208252,-16.77001190185547,1648.3802738189697,397.3700819015503,10640.85026550293,139834.51015663147,0.16483802738189698,2859.507208442688,2020-03-06,2020-02-12
268,2020-03-14,2,182,1665.1502857208252,-16.77001190185547,1648.3802738189697,5320.425132751465,10640.85026550293,139834.51015663147,0.16483802738189698,2859.507208442688,2020-03-07,2020-02-13
269,2020-03-15,2,182,1665.1502857208252,-16.77001190185547,1648.3802738189697,5320.425132751465,10640.85026550293,139834.51015663147,0.16483802738189698,2859.507208442688,2020-03-08,2020-02-14
270,2020-03-16,2,183,1643.730281829834,-18.069992065429688,1625.6602897644043,5320.425132751465,6523.42041015625,144242.81002235413,0.16256602897644043,2917.3694062423706,2020-03-09,2020-02-15
271,2020-03-17,4,183,1643.730281829834,572.3001289367676,2216.0304107666016,3261.710205078125,5259.3504066467285,145506.88002586365,0.22160304107666015,2954.4582087326053,2020-03-10,2020-02-16
272,2020-03-18,4,183,1643.730281829834,489.62012100219727,2133.3504028320312,2629.6752033233643,5259.3504066467285,145506.88002586365,0.21333504028320313,2952.804608573914,2020-03-11,2020-02-17
273,2020-03-19,2,185,1579.4202728271484,519.5000076293945,2098.920280456543,2629.6752033233643,6346.120407104492,145506.88002586365,0.2098920280456543,2952.1160061264036,2020-03-12,2020-02-18
274,2020-03-20,1,187,1524.8705406188965,0.0,1524.8705406188965,3173.060203552246,11451.610538482666,145580.14002799988,0.15248705406188964,2990.6350113296508,2020-03-13,2020-02-19
275,2020-03-21,1,187,1524.8705406188965,0.0,1524.8705406188965,5725.805269241333,11451.610538482666,145580.14002799988,0.15248705406188964,2990.6350113296508,2020-03-14,2020-02-20
276,2020-03-22,1,187,1524.8705406188965,0.0,1524.8705406188965,5725.805269241333,11451.610538482666,145580.14002799988,0.15248705406188964,2990.6350113296508,2020-03-15,2020-02-21
277,2020-03-23,3,187,1524.8705406188965,-0.6500015258789062,1524.2205390930176,5725.805269241333,5734.780498504639,151296.9700679779,0.15242205390930175,3056.4238121414182,2020-03-16,2020-02-22
278,2020-03-24,3,187,1524.8705406188965,-102.56007385253906,1422.3104667663574,2867.3902492523193,5734.780498504639,151296.9700679779,0.14223104667663575,3054.385610694885,2020-03-17,2020-02-23
279,2020-03-25,4,188,1361.5905723571777,-236.25005340576172,1125.340518951416,2867.3902492523193,5234.620544433594,153250.01004981995,0.1125340518951416,3087.5070113754277,2020-03-18,2020-02-24
280,2020-03-26,4,188,1361.5905723571777,223.06983184814453,1584.6604042053223,2617.310272216797,5234.620544433594,153250.01004981995,0.15846604042053222,3096.6934090805057,2020-03-19,2020-02-25
281,2020-03-27,3,189,1497.9906196594238,-62.5401611328125,1435.4504585266113,2617.310272216797,7038.820568084717,153250.01004981995,0.14354504585266115,3093.709210166931,2020-03-20,2020-02-26
282,2020-03-28,3,189,1497.9906196594238,-62.5401611328125,1435.4504585266113,3519.4102840423584,7038.820568084717,153250.01004981995,0.14354504585266115,3093.709210166931,2020-03-21,2020-02-27
283,2020-03-29,3,189,1497.9906196594238,-62.5401611328125,1435.4504585266113,3519.4102840423584,7038.820568084717,153250.01004981995,0.14354504585266115,3093.709210166931,2020-03-22,2020-02-28
284,2020-03-30,4,189,1497.9906196594238,151.91995239257812,1649.910572052002,3519.4102840423584,4987.7206172943115,155301.11000061035,0.1649910572052002,3139.020411453247,2020-03-23,2020-02-29
285,2020-03-31,4,189,1497.9906196594238,456.0300693511963,1954.0206890106201,2493.8603086471558,4987.7206172943115,155301.11000061035,0.19540206890106201,3145.1026137924196,2020-03-24,2020-03-01
286,2020-04-01,4,190,1388.340693473816,362.00990295410156,1750.3505964279175,2493.8603086471558,5160.170641899109,157070.11000061035,0.17503505964279176,3176.409211940765,2020-03-25,2020-03-02
287,2020-04-02,4,190,1388.340693473816,459.7399711608887,1848.0806646347046,2580.0853209495544,5160.170641899109,157070.11000061035,0.18480806646347045,3178.363813304901,2020-03-26,2020-03-03
288,2020-04-03,5,190,1388.340693473816,445.64007568359375,1833.9807691574097,2580.0853209495544,5103.470641136169,157126.8100013733,0.18339807691574098,3179.2158154106137,2020-03-27,2020-03-04
289,2020-04-04,5,190,1388.340693473816,445.64007568359375,1833.9807691574097,2551.7353205680847,5103.470641136169,157126.8100013733,0.18339807691574098,3179.2158154106137,2020-03-28,2020-03-05
290,2020-04-05,5,190,1388.340693473816,445.64007568359375,1833.9807691574097,2551.7353205680847,5103.470641136169,157126.8100013733,0.18339807691574098,3179.2158154106137,2020-03-29,2020-03-06
291,2020-04-06,7,190,1388.340693473816,587.2399187088013,1975.5806121826172,2551.7353205680847,2597.270583152771,159633.0100593567,0.19755806121826172,3232.171813430786,2020-03-30,2020-03-07
292,2020-04-13,9,190,1388.340693473816,728.440052986145,2116.780746459961,1298.6352915763855,1729.4405584335327,160500.84008407593,0.21167807464599608,3252.3524166107177,2020-04-06,2020-03-14
293,2020-04-14,9,190,1388.340693473816,968.4600143432617,2356.8007078170776,864.7202792167664,1729.4405584335327,160500.84008407593,0.23568007078170777,3257.15281583786,2020-04-07,2020-03-15
294,2020-04-15,9,190,1388.340693473816,841.8697824478149,2230.210475921631,864.7202792167664,1729.4405584335327,160500.84008407593,0.2230210475921631,3254.621011199951,2020-04-08,2020-03-16
295,2020-04-16,9,190,1388.340693473816,1151.3698825836182,2539.710576057434,864.7202792167664,1729.4405584335327,160500.84008407593,0.2539710576057434,3260.8110132026673,2020-04-09,2020-03-17
296,2020-04-17,10,190,1388.340693473816,1400.389672279358,2788.730365753174,864.7202792167664,1329.4405584335327,160900.84008407593,0.27887303657531737,3273.791408996582,2020-04-10,2020-03-18
297,2020-04-18,10,190,1388.340693473816,1400.389672279358,2788.730365753174,664.7202792167664,1329.4405584335327,160900.84008407593,0.27887303657531737,3273.791408996582,2020-04-11,2020-03-19
298,2020-04-19,10,190,1388.340693473816,1400.389672279358,2788.730365753174,664.7202792167664,1329.4405584335327,160900.84008407593,0.27887303657531737,3273.791408996582,2020-04-12,2020-03-20
299,2020-04-20,10,190,1388.340693473816,1391.079707145691,2779.420400619507,664.7202792167664,1329.4405584335327,160900.84008407593,0.27794204006195067,3273.6052096939084,2020-04-13,2020-03-21
300,2020-04-21,8,192,1397.2106914520264,1125.0599784851074,2522.270669937134,664.7202792167664,1468.270559310913,160900.84008407593,0.2522270669937134,3268.4622150802616,2020-04-14,2020-03-22
301,2020-04-22,8,192,1397.2106914520264,1319.5300254821777,2716.740716934204,734.1352796554565,1468.270559310913,160900.84008407593,0.2716740716934204,3272.351616020203,2020-04-15,2020-03-23
302,2020-04-23,7,193,1405.0606517791748,1354.3301048278809,2759.3907566070557,734.1352796554565,2176.070547103882,160900.84008407593,0.2759390756607056,3273.20461681366,2020-04-16,2020-03-24
303,2020-04-24,7,193,1405.0606517791748,1398.4199905395508,2803.4806423187256,1088.035273551941,2176.070547103882,160900.84008407593,0.2803480642318726,3274.0864145278933,2020-04-17,2020-03-25
304,2020-04-25,7,193,1405.0606517791748,1398.4199905395508,2803.4806423187256,1088.035273551941,2176.070547103882,160900.84008407593,0.2803480642318726,3274.0864145278933,2020-04-18,2020-03-26
305,2020-04-26,7,193,1405.0606517791748,1398.4199905395508,2803.4806423187256,1088.035273551941,2176.070547103882,160900.84008407593,0.2803480642318726,3274.0864145278933,2020-04-19,2020-03-27
306,2020-04-27,9,193,1405.0606517791748,1228.3700332641602,2633.430685043335,1088.035273551941,1263.470546722412,161813.4400844574,0.2633430685043335,3288.937415390015,2020-04-20,2020-03-28
307,2020-04-28,6,196,2108.1604442596436,266.2599906921387,2374.420434951782,631.735273361206,8281.040431976318,161813.4400844574,0.23744204349517822,3283.7572103881835,2020-04-21,2020-03-29
308,2020-04-29,7,197,2167.3204708099365,159.5699691772461,2326.8904399871826,4140.520215988159,8236.62041091919,163686.02013206482,0.23268904399871826,3320.2582114410397,2020-04-22,2020-03-30
309,2020-04-30,6,198,2238.9604625701904,76.82995414733887,2315.7904167175293,4118.310205459595,8593.500408172607,163686.02013206482,0.23157904167175292,3320.036210975647,2020-04-23,2020-03-31
310,2020-05-01,7,198,2238.9604625701904,26.859952926635742,2265.820415496826,4296.750204086304,4324.200290679932,167955.3202495575,0.22658204154968262,3404.4228133010865,2020-04-24,2020-04-01
