,ticker,bought_date,trade_size,bought_price,price,atr,stop_loss,dynamic_stop_loss,profit_exit,dynamic_profit_exit,trade_type,sell_date
0,LHX,2019-05-06,16.0,178.5,178.5,4.077417992095757,174.42258200790425,174.42258200790425,190.73225397628727,190.73225397628727,buy,
1,CME,2019-05-06,12.0,178.14999389648438,178.14999389648438,2.660527198327576,175.4894666981568,175.4894666981568,186.1315754914671,186.1315754914671,buy,
2,KMX,2019-05-07,32.0,77.68000030517578,77.68000030517578,1.3457624605567748,76.33423784461901,76.33423784461901,81.7172876868461,81.7172876868461,buy,
3,CBOE,2019-05-08,12.0,102.62999725341797,102.62999725341797,1.408206868731418,101.22179038468656,101.22179038468656,106.85461785961222,106.85461785961222,buy,
4,EXR,2019-05-09,6.0,103.79000091552734,103.79000091552734,2.08326864199606,101.70673227353129,101.70673227353129,110.03980684151553,110.03980684151553,buy,
5,LEN,2019-05-10,6.0,51.86000061035156,51.86000061035156,0.7250962290060196,51.13490438134554,51.13490438134554,54.03528929736962,54.03528929736962,buy,
6,HSY,2019-05-13,1.0,127.06999969482422,127.06999969482422,1.9863157957801996,125.08368389904402,125.08368389904402,133.02894708216482,133.02894708216482,buy,
7,KMX,2019-05-07,32.0,77.68000030517578,76.76000213623047,1.3457624605567748,76.33423784461901,77.65859703260115,81.7172876868461,83.30420768149344,sell,2019-05-13
8,AWK,2019-05-16,5.0,111.16999816894531,111.16999816894531,1.7792279597801006,109.39077020916521,109.39077020916521,116.50768204828562,116.50768204828562,buy,
9,LEN,2019-05-10,6.0,51.86000061035156,51.810001373291016,0.7250962290060196,51.13490438134554,52.7674887162366,54.03528929736962,56.33753324093863,sell,2019-05-20
10,SJM,2019-05-21,4.0,126.69000244140625,126.69000244140625,1.7832516862908598,124.9067507551154,124.9067507551154,132.03975750027882,132.03975750027882,buy,
11,AEP,2019-05-22,1.0,87.29000091552734,87.29000091552734,1.3249336805580367,85.96506723496931,85.96506723496931,91.26480195720146,91.26480195720146,buy,
12,CBOE,2019-05-08,12.0,102.62999725341797,105.5,1.408206868731418,101.22179038468656,106.0591668982906,106.85461785961222,112.9825029672376,sell,2019-05-28
13,EXR,2019-05-09,6.0,103.79000091552734,105.30000305175781,2.08326864199606,101.70673227353129,105.49152060224624,110.03980684151553,114.00544917958939,sell,2019-05-28
14,HSY,2019-05-13,1.0,127.06999969482422,128.3000030517578,1.9863157957801996,125.08368389904402,129.7400185784787,133.02894708216482,136.53995403018894,sell,2019-05-28
15,SJM,2019-05-21,4.0,126.69000244140625,123.68000030517578,1.7832516862908598,124.9067507551154,125.50055054510297,132.03975750027882,132.6183434818786,sell,2019-05-28
16,AEP,2019-05-22,1.0,87.29000091552734,86.66999816894531,1.3249336805580367,85.96506723496931,87.00538936743835,91.26480195720146,92.1438355597943,sell,2019-05-28
17,CBOE,2019-05-29,7.0,107.2699966430664,107.2699966430664,2.062685806065393,105.20731083700102,105.20731083700102,113.45805406126259,113.45805406126259,buy,
18,AWK,2019-05-16,5.0,111.16999816894531,111.77999877929688,1.7792279597801006,109.39077020916521,112.0808126024712,116.50768204828562,118.51757195821142,sell,2019-05-29
19,AWK,2019-05-30,8.0,111.94000244140625,111.94000244140625,1.592015224879027,110.34798721652723,110.34798721652723,116.71604811604332,116.71604811604332,buy,
20,CINF,2019-06-05,16.0,101.5999984741211,101.5999984741211,1.3529936796233497,100.24700479449774,100.24700479449774,105.65897951299114,105.65897951299114,buy,
21,PEAK,2019-06-06,8.0,31.84000015258789,31.84000015258789,0.5697359440688949,31.270264208518995,31.270264208518995,33.54920798479458,33.54920798479458,buy,
22,NEM,2019-06-06,6.0,35.310001373291016,35.310001373291016,0.6943867590546408,34.61561461423638,34.61561461423638,37.393161650454935,37.393161650454935,buy,
23,KMX,2019-06-07,2.0,79.88999938964844,79.88999938964844,1.4224210202708987,78.46757836937753,78.46757836937753,84.15726245046113,84.15726245046113,buy,
24,CPRT,2019-06-07,2.0,74.6500015258789,74.6500015258789,1.3989693822359381,73.25103214364297,73.25103214364297,78.84690967258672,78.84690967258672,buy,
25,NEE,2019-06-10,2.0,203.4199981689453,203.4199981689453,3.117293270097006,200.3027048988483,200.3027048988483,212.77187797923634,212.77187797923634,buy,
26,LEN,2019-06-10,1.0,52.779998779296875,52.779998779296875,1.132754103797903,51.647244675498975,51.647244675498975,56.17826109069058,56.17826109069058,buy,
27,MAA,2019-06-11,2.0,117.06999969482422,117.06999969482422,1.8086315207327839,115.26136817409143,115.26136817409143,122.49589425702257,122.49589425702257,buy,
28,LHX,2019-05-06,16.0,178.5,188.1699981689453,4.077417992095757,174.42258200790425,194.81000861022733,190.73225397628727,208.47513865846201,sell,2019-06-11
29,CME,2019-05-06,12.0,178.14999389648438,198.75,2.660527198327576,175.4894666981568,200.1504110446332,186.1315754914671,212.2687375692254,sell,2019-06-11
30,CBOE,2019-05-29,7.0,107.2699966430664,108.02999877929688,2.062685806065393,105.20731083700102,109.10992963107456,113.45805406126259,117.91020134115132,sell,2019-06-11
31,AWK,2019-05-30,8.0,111.94000244140625,115.37999725341797,1.592015224879027,110.34798721652723,115.67755837891364,116.71604811604332,122.36731875974343,sell,2019-06-11
32,NEM,2019-06-06,6.0,35.310001373291016,34.91999816894531,0.6943867590546408,34.61561461423638,34.98306759606687,37.393161650454935,37.73078988758065,sell,2019-06-11
33,NEM,2019-06-12,106.0,35.470001220703125,35.470001220703125,0.6918278750154553,34.77817334568767,34.77817334568767,37.54548484574949,37.54548484574949,buy,
34,CME,2019-06-13,4.0,196.74000549316406,196.74000549316406,3.3204786947282896,193.41952679843578,193.41952679843578,206.70144157734893,206.70144157734893,buy,
35,VTR,2019-06-17,5.0,68.5999984741211,68.5999984741211,1.2085064807830306,67.39149199333806,67.39149199333806,72.22551791647018,72.22551791647018,buy,
36,CPRT,2019-06-07,2.0,74.6500015258789,73.22000122070312,1.3989693822359381,73.25103214364297,73.48023916337718,78.84690967258672,79.00391188779396,sell,2019-06-17
37,LEN,2019-06-10,1.0,52.779998779296875,52.09000015258789,1.132754103797903,51.647244675498975,52.39506088390495,56.17826109069058,57.01481429652735,sell,2019-06-19
38,ANTM,2019-06-21,2.0,293.760009765625,293.760009765625,5.54514677270952,288.21486299291547,288.21486299291547,310.39545008375353,310.39545008375353,buy,
39,CINF,2019-06-05,16.0,101.5999984741211,104.58999633789062,1.3529936796233497,100.24700479449774,104.69026166111547,105.65897951299114,109.68922478227859,sell,2019-06-21
40,PEAK,2019-06-06,8.0,31.84000015258789,32.70000076293945,0.5697359440688949,31.270264208518995,32.707258872989556,33.54920798479458,35.0382270431407,sell,2019-06-21
41,WMT,2019-06-24,8.0,111.23999786376953,111.23999786376953,1.4256101140682214,109.81438774970131,109.81438774970131,115.51682820597419,115.51682820597419,buy,
42,IQV,2019-06-24,2.0,157.42999267578125,157.42999267578125,3.5443465729373838,153.88564610284388,153.88564610284388,168.0630323945934,168.0630323945934,buy,
43,KMX,2019-06-07,2.0,79.88999938964844,82.63999938964844,1.4224210202708987,78.46757836937753,83.73811622202481,84.15726245046113,91.3456488925193,sell,2019-06-24
44,VTR,2019-06-17,5.0,68.5999984741211,70.23999786376953,1.2085064807830306,67.39149199333806,70.29218620849733,72.22551791647018,76.16344991942991,sell,2019-06-24
45,MAA,2019-06-11,2.0,117.06999969482422,117.44999694824219,1.8086315207327839,115.26136817409143,118.28657626689845,122.49589425702257,125.06028462703902,sell,2019-06-25
46,ANTM,2019-06-21,2.0,293.760009765625,285.17999267578125,5.54514677270952,288.21486299291547,288.21486299291547,310.39545008375353,310.39545008375353,sell,2019-06-25
47,KMX,2019-06-26,3.0,84.13999938964844,84.13999938964844,2.0422437248320033,82.09775566481643,82.09775566481643,90.26673056414445,90.26673056414445,buy,
48,NEE,2019-06-10,2.0,203.4199981689453,203.07000732421875,3.117293270097006,200.3027048988483,205.2465538592123,212.77187797923634,217.06032621533186,sell,2019-06-26
49,CME,2019-06-13,4.0,196.74000549316406,192.02999877929688,3.3204786947282896,193.41952679843578,195.66938295464897,206.70144157734893,208.27188043292807,sell,2019-06-26
50,SJM,2019-07-05,6.0,119.48999786376953,119.48999786376953,2.3543631805022542,117.13563468326728,117.13563468326728,126.5530874052763,126.5530874052763,buy,
51,CMCSA,2019-07-05,24.0,43.279998779296875,43.279998779296875,0.6486462646183286,42.63135251467855,42.63135251467855,45.22593757315186,45.22593757315186,buy,
52,CBOE,2019-07-08,8.0,110.62000274658203,110.62000274658203,2.3920268964658997,108.22797585011614,108.22797585011614,117.79608343597972,117.79608343597972,buy,
53,EXR,2019-07-08,7.0,109.41999816894531,109.41999816894531,1.7658198529301978,107.65417831601512,107.65417831601512,114.7174577277359,114.7174577277359,buy,
54,TSN,2019-07-08,1.0,81.91999816894531,81.91999816894531,1.8128519416960074,80.1071462272493,80.1071462272493,87.35855399403333,87.35855399403333,buy,
55,CMCSA,2019-07-05,24.0,43.279998779296875,42.630001068115234,0.6486462646183286,42.63135251467855,42.63135251467855,45.22593757315186,45.22593757315186,sell,2019-07-08
56,DG,2019-07-09,6.0,139.5500030517578,139.5500030517578,1.8254168491270104,137.7245862026308,137.7245862026308,145.02625359913884,145.02625359913884,buy,
57,MKTX,2019-07-09,1.0,342.8999938964844,342.8999938964844,8.831880330405573,334.0681135660788,334.0681135660788,369.3956348877011,369.3956348877011,buy,
58,VTR,2019-07-09,3.0,70.37999725341797,70.37999725341797,1.4629107508861467,68.91708650253182,68.91708650253182,74.76872950607641,74.76872950607641,buy,
59,DLTR,2019-07-10,4.0,111.69000244140625,111.69000244140625,2.0661294380085335,109.62387300339772,109.62387300339772,117.88839075543186,117.88839075543186,buy,
60,NEE,2019-07-10,1.0,209.47999572753906,209.47999572753906,2.968553337530992,206.51144239000806,206.51144239000806,218.38565574013205,218.38565574013205,buy,
61,MAA,2019-07-11,3.0,121.95999908447266,121.95999908447266,2.0304141106282594,119.9295849738444,119.9295849738444,128.05124141635744,128.05124141635744,buy,
62,SJM,2019-07-05,6.0,119.48999786376953,114.51000213623047,2.3543631805022542,117.13563468326728,117.13563468326728,126.5530874052763,126.5530874052763,sell,2019-07-11
63,NRG,2019-07-12,2.0,35.9900016784668,35.9900016784668,0.7227031325281302,35.267298545938665,35.267298545938665,38.158111076051185,38.158111076051185,buy,
64,IQV,2019-06-24,2.0,157.42999267578125,157.36000061035156,3.5443465729373838,153.88564610284388,157.42591768158508,168.0630323945934,171.7040762153364,sell,2019-07-12
65,VTR,2019-07-09,3.0,70.37999725341797,69.12000274658203,1.4629107508861467,68.91708650253182,69.43944097615818,74.76872950607641,75.12167951293172,sell,2019-07-12
66,FOXA,2019-07-15,1.0,37.0099983215332,37.0099983215332,0.7557977624780966,36.25420055905511,36.25420055905511,39.27739160896749,39.27739160896749,buy,
67,KMX,2019-06-26,3.0,84.13999938964844,86.38999938964844,2.0422437248320033,82.09775566481643,87.23246333468829,90.26673056414445,94.28534021303825,sell,2019-07-16
68,TSN,2019-07-08,1.0,81.91999816894531,79.12999725341797,1.8128519416960074,80.1071462272493,80.39949597706074,87.35855399403333,87.40151817233341,sell,2019-07-16
69,NRG,2019-07-12,2.0,35.9900016784668,34.09000015258789,0.7227031325281302,35.267298545938665,35.267298545938665,38.158111076051185,38.158111076051185,sell,2019-07-16
70,FOXA,2019-07-15,1.0,37.0099983215332,36.16999816894531,0.7557977624780966,36.25420055905511,36.25420055905511,39.27739160896749,39.27739160896749,sell,2019-07-17
71,HSY,2019-07-18,4.0,147.5,147.5,2.0074526376457853,145.4925473623542,145.4925473623542,153.52235791293737,153.52235791293737,buy,
72,DG,2019-07-09,6.0,139.5500030517578,142.82000732421875,1.8254168491270104,137.7245862026308,143.17361700450445,145.02625359913884,150.35915386929918,sell,2019-07-18
73,DLTR,2019-07-10,4.0,111.69000244140625,110.12000274658203,2.0661294380085335,109.62387300339772,110.40757175244747,117.88839075543186,118.52667173553847,sell,2019-07-18
74,GM,2019-07-19,18.0,39.47999954223633,39.47999954223633,0.706727653576266,38.77327188866006,38.77327188866006,41.600182502965126,41.600182502965126,buy,
75,EXR,2019-07-08,7.0,109.41999816894531,108.69000244140625,1.7658198529301978,107.65417831601512,110.2990832735312,114.7174577277359,117.06274163448454,sell,2019-07-19
76,MAA,2019-07-11,3.0,121.95999908447266,119.05000305175781,2.0304141106282594,119.9295849738444,119.9295849738444,128.05124141635744,128.05124141635744,sell,2019-07-19
77,HSY,2019-07-18,4.0,147.5,145.17999267578125,2.0074526376457853,145.4925473623542,145.4925473623542,153.52235791293737,153.52235791293737,sell,2019-07-19
78,HSY,2019-07-22,2.0,147.05999755859375,147.05999755859375,2.0455081172294975,145.01448944136425,145.01448944136425,153.19652191028223,153.19652191028223,buy,
79,WMT,2019-06-24,8.0,111.23999786376953,112.81999969482422,1.4256101140682214,109.81438774970131,113.73362862075531,115.51682820597419,118.71912756546845,sell,2019-07-22
80,NEE,2019-07-10,1.0,209.47999572753906,209.36000061035156,2.968553337530992,206.51144239000806,209.46147872274827,218.38565574013205,221.05556627316145,sell,2019-07-22
81,LW,2019-07-23,4.0,63.65999984741211,63.65999984741211,1.5600897436581143,62.099910103754,62.099910103754,68.34026907838646,68.34026907838646,buy,
82,WMT,2019-07-24,8.0,112.0,112.0,1.3139627845752808,110.68603721542472,110.68603721542472,115.94188835372584,115.94188835372584,buy,
83,CBOE,2019-07-08,8.0,110.62000274658203,111.6500015258789,2.3920268964658997,108.22797585011614,112.79498489403505,117.79608343597972,121.25505996633234,sell,2019-07-24
84,MKTX,2019-07-09,1.0,342.8999938964844,334.25,8.831880330405573,334.0681135660788,365.0304257960256,369.3956348877011,396.10867378379817,sell,2019-07-24
85,NEE,2019-07-25,4.0,207.6300048828125,207.6300048828125,2.9450568066904586,204.68494807612205,204.68494807612205,216.46517530288386,216.46517530288386,buy,
86,WU,2019-07-25,7.0,20.84000015258789,20.84000015258789,0.28653621605952967,20.55346393652836,20.55346393652836,21.69960880076648,21.69960880076648,buy,
87,NEM,2019-06-12,106.0,35.470001220703125,38.25,0.6918278750154553,34.77817334568767,39.11768054326923,37.54548484574949,42.24696447370793,sell,2019-07-25
88,CBOE,2019-07-29,1.0,110.44999694824219,110.44999694824219,2.332405177049254,108.11759177119293,108.11759177119293,117.44721247938995,117.44721247938995,buy,
89,WMT,2019-07-24,8.0,112.0,110.37999725341797,1.3139627845752808,110.68603721542472,111.73004966319824,115.94188835372584,116.88983758267089,sell,2019-07-31
90,NEE,2019-07-25,4.0,207.6300048828125,207.1699981689453,2.9450568066904586,204.68494807612205,208.53074739049234,216.46517530288386,219.92777735977296,sell,2019-07-31
91,GM,2019-07-19,18.0,39.47999954223633,39.0099983215332,0.706727653576266,38.77327188866006,40.14760685578733,41.600182502965126,43.07718370509894,sell,2019-08-05
92,HSY,2019-07-22,2.0,147.05999755859375,149.1199951171875,2.0455081172294975,145.01448944136425,150.18034407208347,153.19652191028223,161.3789506939058,sell,2019-08-05
93,LW,2019-07-23,4.0,63.65999984741211,65.36000061035156,1.5600897436581143,62.099910103754,65.91848976126735,68.34026907838646,72.4045343783073,sell,2019-08-05
94,CME,2019-08-06,17.0,208.3800048828125,208.3800048828125,4.23823139438111,204.1417734884314,204.1417734884314,221.09469906595584,221.09469906595584,buy,
95,LHX,2019-08-06,8.0,205.1199951171875,205.1199951171875,4.885374555640684,200.23462056154682,200.23462056154682,219.77611878410954,219.77611878410954,buy,
96,NEM,2019-08-06,1.0,37.9900016784668,37.9900016784668,0.9977195405150743,36.992282137951726,36.992282137951726,40.98316030001202,40.98316030001202,buy,
97,CPRT,2019-08-07,19.0,75.05000305175781,75.05000305175781,1.4542929944509966,73.59571005730682,73.59571005730682,79.4128820351108,79.4128820351108,buy,
98,EXR,2019-08-08,11.0,118.70999908447266,118.70999908447266,2.066150163531438,116.64384892094122,116.64384892094122,124.90844957506697,124.90844957506697,buy,
99,TSN,2019-08-08,4.0,88.69999694824219,88.69999694824219,2.324025518080154,86.37597143016204,86.37597143016204,95.67207350248265,95.67207350248265,buy,
100,MKTX,2019-08-09,2.0,362.1499938964844,362.1499938964844,9.275036162253272,352.8749577342311,352.8749577342311,389.9751023832442,389.9751023832442,buy,
101,VTR,2019-08-09,4.0,71.58000183105469,71.58000183105469,1.5897241121758394,69.99027771887884,69.99027771887884,76.3491741675822,76.3491741675822,buy,
102,HSY,2019-08-13,2.0,155.36000061035156,155.36000061035156,2.5669307954483247,152.79306981490325,152.79306981490325,163.06079299669653,163.06079299669653,buy,
103,NEM,2019-08-06,1.0,37.9900016784668,37.65999984741211,0.9977195405150743,36.992282137951726,38.28425911876837,40.98316030001202,42.54721654017927,sell,2019-08-13
104,WU,2019-07-25,7.0,20.84000015258789,20.770000457763672,0.28653621605952967,20.55346393652836,21.17131405070718,21.69960880076648,22.926060289284706,sell,2019-08-14
105,CME,2019-08-06,17.0,208.3800048828125,208.33999633789062,4.23823139438111,204.1417734884314,211.3171800904857,221.09469906595584,228.92846461135542,sell,2019-08-14
106,LHX,2019-08-06,8.0,205.1199951171875,207.72000122070312,4.885374555640684,200.23462056154682,209.294495464834,219.77611878410954,229.91650139846672,sell,2019-08-14
107,CPRT,2019-08-07,19.0,75.05000305175781,74.30999755859375,1.4542929944509966,73.59571005730682,74.80166432330611,79.4128820351108,80.75501069219104,sell,2019-08-14
108,TSN,2019-08-08,4.0,88.69999694824219,85.76000213623047,2.324025518080154,86.37597143016204,86.37597143016204,95.67207350248265,95.67207350248265,sell,2019-08-14
109,MKTX,2019-08-09,2.0,362.1499938964844,356.6600036621094,9.275036162253272,352.8749577342311,357.79977961029726,389.9751023832442,394.68061722379576,sell,2019-08-14
110,HSY,2019-08-13,2.0,155.36000061035156,152.4199981689453,2.5669307954483247,152.79306981490325,152.79306981490325,163.06079299669653,163.06079299669653,sell,2019-08-14
111,HSY,2019-08-15,8.0,155.5,155.5,2.6907208226398343,152.80927917736017,152.80927917736017,163.5721624679195,163.5721624679195,buy,
112,LHX,2019-08-20,5.0,212.58999633789062,212.58999633789062,4.482941625531758,208.10705471235886,208.10705471235886,226.0388212144859,226.0388212144859,buy,
113,WEC,2019-08-21,9.0,92.73999786376953,92.73999786376953,1.4701154755989694,91.26988238817056,91.26988238817056,97.15034429056644,97.15034429056644,buy,
114,EW,2019-08-21,9.0,73.93000030517578,73.93000030517578,1.5554827126944324,72.37451759248135,72.37451759248135,78.59644844325908,78.59644844325908,buy,
115,MLM,2019-08-22,3.0,255.11000061035156,255.11000061035156,5.3600574655279365,249.74994314482362,249.74994314482362,271.19017300693537,271.19017300693537,buy,
116,TSN,2019-08-22,3.0,91.66000366210938,91.66000366210938,2.114931911352119,89.54507175075726,89.54507175075726,98.00479939616574,98.00479939616574,buy,
117,EW,2019-08-21,9.0,73.93000030517578,72.22333526611328,1.5554827126944324,72.37451759248135,72.37451759248135,78.59644844325908,78.59644844325908,sell,2019-08-22
118,AMGN,2019-08-23,2.0,199.0800018310547,199.0800018310547,5.089464976529092,193.9905368545256,193.9905368545256,214.34839676064198,214.34839676064198,buy,
119,LHX,2019-08-20,5.0,212.58999633789062,208.88999938964844,4.482941625531758,208.10705471235886,209.78868995577017,226.0388212144859,227.35390083581447,sell,2019-08-23
120,EVRG,2019-08-27,23.0,65.29000091552734,65.29000091552734,0.9747020991997846,64.31529881632756,64.31529881632756,68.2141072131267,68.2141072131267,buy,
121,SBAC,2019-08-28,4.0,263.1499938964844,263.1499938964844,4.611158710611276,258.5388351858731,258.5388351858731,276.9834700283182,276.9834700283182,buy,
122,NEM,2019-08-28,4.0,40.869998931884766,40.869998931884766,0.9671881362861686,39.9028107955986,39.9028107955986,43.77156334074327,43.77156334074327,buy,
123,CBOE,2019-07-29,1.0,110.44999694824219,118.94000244140625,2.332405177049254,108.11759177119293,118.95585991918394,117.44721247938995,130.61243122877633,sell,2019-08-29
124,CCI,2019-08-30,5.0,145.1699981689453,145.1699981689453,2.4663639304333946,142.7036342385119,142.7036342385119,152.5690899602455,152.5690899602455,buy,
125,NEM,2019-08-28,4.0,40.869998931884766,39.88999938964844,0.9671881362861686,39.9028107955986,39.9028107955986,43.77156334074327,43.77156334074327,sell,2019-08-30
126,TSN,2019-08-22,3.0,91.66000366210938,85.26000213623047,2.114931911352119,89.54507175075726,90.952778162973,98.00479939616574,99.30166917319035,sell,2019-09-05
127,CME,2019-09-06,3.0,223.07000732421875,223.07000732421875,3.776790025244879,219.29321729897387,219.29321729897387,234.40037739995338,234.40037739995338,buy,
128,LHX,2019-09-06,2.0,214.6999969482422,214.6999969482422,4.18123416584598,210.5187627823962,210.5187627823962,227.24369944578012,227.24369944578012,buy,
129,NEM,2019-09-06,3.0,38.65999984741211,38.65999984741211,1.0271678117650127,37.6328320356471,37.6328320356471,41.74150328270715,41.74150328270715,buy,
130,EXR,2019-08-08,11.0,118.70999908447266,119.73999786376953,2.066150163531438,116.64384892094122,120.17257311088092,124.90844957506697,127.54154104607599,sell,2019-09-06
131,WEC,2019-08-21,9.0,92.73999786376953,93.12999725341797,1.4701154755989694,91.26988238817056,94.4158929427862,97.15034429056644,100.47232239234452,sell,2019-09-06
132,EVRG,2019-08-27,23.0,65.29000091552734,63.959999084472656,0.9747020991997846,64.31529881632756,64.31529881632756,68.2141072131267,68.2141072131267,sell,2019-09-06
133,DG,2019-09-09,4.0,160.75999450683594,160.75999450683594,3.4129822957898077,157.34701221104612,157.34701221104612,170.99894139420536,170.99894139420536,buy,
134,VTR,2019-08-09,4.0,71.58000183105469,73.93000030517578,1.5897241121758394,69.99027771887884,73.9868520421923,76.3491741675822,78.95945730115749,sell,2019-09-09
135,HSY,2019-08-15,8.0,155.5,156.14999389648438,2.6907208226398343,152.80927917736017,157.96905123422061,163.5721624679195,168.01282920749443,sell,2019-09-09
136,AMGN,2019-08-23,2.0,199.0800018310547,202.33999633789062,5.089464976529092,193.9905368545256,203.6150795474147,214.34839676064198,223.6347418265059,sell,2019-09-09
137,SBAC,2019-08-28,4.0,263.1499938964844,252.0,4.611158710611276,258.5388351858731,258.5515518984053,276.9834700283182,277.1453931329091,sell,2019-09-09
138,CCI,2019-08-30,5.0,145.1699981689453,143.47999572753906,2.4663639304333946,142.7036342385119,144.56547380386715,152.5690899602455,154.58360788527355,sell,2019-09-09
139,CME,2019-09-06,3.0,223.07000732421875,215.5800018310547,3.776790025244879,219.29321729897387,219.29321729897387,234.40037739995338,234.40037739995338,sell,2019-09-09
140,LHX,2019-09-06,2.0,214.6999969482422,208.82000732421875,4.18123416584598,210.5187627823962,210.5187627823962,227.24369944578012,227.24369944578012,sell,2019-09-09
141,LEN,2019-09-10,46.0,53.29999923706055,53.29999923706055,1.1615916438320015,52.13840759322854,52.13840759322854,56.78477416855655,56.78477416855655,buy,
142,PEAK,2019-09-10,59.0,34.689998626708984,34.689998626708984,0.657997837678643,34.03200078903034,34.03200078903034,36.66399213974491,36.66399213974491,buy,
143,DG,2019-09-09,4.0,160.75999450683594,157.08999633789062,3.4129822957898077,157.34701221104612,157.34701221104612,170.99894139420536,170.99894139420536,sell,2019-09-10
144,MAA,2019-09-11,9.0,128.5500030517578,128.5500030517578,1.9605307452294276,126.58947230652838,126.58947230652838,134.4315952874461,134.4315952874461,buy,
145,NRG,2019-09-12,29.0,38.290000915527344,38.290000915527344,0.7482068445504201,37.54179407097693,37.54179407097693,40.5346214491786,40.5346214491786,buy,
146,DUK,2019-09-13,8.0,93.9000015258789,93.9000015258789,1.2333041355728191,92.66669739030608,92.66669739030608,97.59991393259736,97.59991393259736,buy,
147,STX,2019-09-13,8.0,56.150001525878906,56.150001525878906,1.296492321628238,54.85350920425067,54.85350920425067,60.03947849076362,60.03947849076362,buy,
148,PEAK,2019-09-10,59.0,34.689998626708984,33.7400016784668,0.657997837678643,34.03200078903034,34.03200078903034,36.66399213974491,36.66399213974491,sell,2019-09-13
149,SYY,2019-09-16,6.0,77.19000244140625,77.19000244140625,1.2121286212392208,75.97787382016703,75.97787382016703,80.82638830512391,80.82638830512391,buy,
150,LEN,2019-09-10,46.0,53.29999923706055,53.34000015258789,1.1615916438320015,52.13840759322854,53.42393582597387,56.78477416855655,58.048199846297145,sell,2019-09-16
151,NEE,2019-09-19,5.0,224.89999389648438,224.89999389648438,3.1647099951542708,221.7352839013301,221.7352839013301,234.3941238819472,234.3941238819472,buy,
152,STX,2019-09-13,8.0,56.150001525878906,52.939998626708984,1.296492321628238,54.85350920425067,55.4023525889976,60.03947849076362,60.792942233007196,sell,2019-09-19
153,CHTR,2019-09-20,2.0,420.3500061035156,420.3500061035156,7.289312887900775,413.06069321561483,413.06069321561483,442.21794476721794,442.21977693553185,buy,
154,EVRG,2019-09-23,12.0,66.19999694824219,66.19999694824219,0.8788658594949071,65.32113108874728,65.3212248133985,68.83659452672691,68.83659452672691,buy,
155,DLTR,2019-09-24,6.0,113.37000274658203,113.37000274658203,2.660555281222983,110.70944746535905,110.70944746535905,121.35166859025098,121.35295815323694,buy,
156,FLIR,2019-09-26,13.0,53.540000915527344,53.540000915527344,0.9471075221098555,52.59289339341749,52.59320747959772,56.38132348185691,56.38132348185691,buy,
157,CHTR,2019-09-20,2.0,420.3500061035156,411.0,7.289312887900775,413.06069321561483,414.50123598601715,442.21794476721794,442.5363311044486,sell,2019-09-26
158,HD,2019-09-27,3.0,229.86000061035156,229.86000061035156,3.791588841679458,226.0684117686721,226.06856813339368,241.23476713538994,241.23476713538994,buy,
159,NEM,2019-09-06,3.0,38.65999984741211,38.400001525878906,1.0271678117650127,37.6328320356471,39.2099957973517,41.74150328270715,43.530016270054276,sell,2019-09-27
160,NEM,2019-09-30,1.0,37.91999816894531,37.91999816894531,1.0529964812204855,36.86700168772483,36.86700964054278,41.07898761260677,41.07898761260677,buy,
161,FLIR,2019-09-26,13.0,53.540000915527344,52.59000015258789,0.9471075221098555,52.59289339341749,52.59320747959772,56.38132348185691,56.38132348185691,sell,2019-09-30
162,WMT,2019-10-07,7.0,117.2300033569336,117.2300033569336,1.653949981159911,115.57605337577368,115.57605337577368,122.19185330041333,122.19443442386066,buy,
163,DE,2019-10-07,3.0,166.5500030517578,166.5500030517578,3.461542109939431,163.08846094181837,163.0891478288323,176.93462938157612,176.93462938157612,buy,
164,DISH,2019-10-07,2.0,33.150001525878906,33.150001525878906,0.9397003477333749,32.21030117814553,32.210356551160054,35.969102569079034,35.969102569079034,buy,
165,MLM,2019-08-22,3.0,255.11000061035156,262.1099853515625,5.3600574655279365,249.74994314482362,268.7068218942444,271.19017300693537,290.2795587313293,sell,2019-10-07
166,NRG,2019-09-12,29.0,38.290000915527344,38.91999816894531,0.7482068445504201,37.54179407097693,39.07042653941077,40.5346214491786,41.828713667900516,sell,2019-10-07
167,SYY,2019-09-16,6.0,77.19000244140625,78.22000122070312,1.2121286212392208,75.97787382016703,78.36965288794102,80.82638830512391,82.5059149286712,sell,2019-10-07
168,EVRG,2019-09-23,12.0,66.19999694824219,65.62999725341797,0.8788658594949071,65.32113108874728,66.45609869283778,68.83659452672691,69.87169415586165,sell,2019-10-07
169,HD,2019-09-27,3.0,229.86000061035156,226.74000549316406,3.791588841679458,226.0684117686721,228.3040542682625,241.23476713538994,243.16785428505628,sell,2019-10-07
170,EIX,2019-10-08,35.0,74.7300033569336,74.7300033569336,1.3654013262773723,73.36460203065621,73.36476860307089,78.82620733576572,78.82620733576572,buy,
171,NEE,2019-09-19,5.0,224.89999389648438,229.97000122070312,3.1647099951542708,221.7352839013301,230.0981866397333,234.3941238819472,241.66546205345634,sell,2019-10-08
172,DISH,2019-10-07,2.0,33.150001525878906,32.08000183105469,0.9397003477333749,32.21030117814553,32.210356551160054,35.969102569079034,35.969102569079034,sell,2019-10-08
173,STX,2019-10-09,37.0,52.16999816894531,52.16999816894531,1.4211186259589588,50.74887954298635,50.749433834766954,56.43335404682219,56.43335404682219,buy,
174,HWM,2019-10-10,19.0,26.020000457763672,26.020000457763672,0.5713540795245603,25.44864637823911,25.44864637823911,27.734062696337354,27.734062696337354,buy,
175,LEN,2019-10-10,4.0,58.849998474121094,58.849998474121094,1.2062668352299641,57.64373163889113,57.64379850727838,62.468798979810984,62.468798979810984,buy,
176,KIM,2019-10-10,12.0,20.540000915527344,20.540000915527344,0.2983240566313261,20.241676858896017,20.24170078208466,21.434973085421323,21.434973085421323,buy,
177,NEM,2019-09-30,1.0,37.91999816894531,37.619998931884766,1.0529964812204855,36.86700168772483,38.01728819133751,41.07898761260677,41.80216776295073,sell,2019-10-11
178,EIX,2019-10-08,35.0,74.7300033569336,71.33000183105469,1.3654013262773723,73.36460203065621,73.36476860307089,78.82620733576572,78.82620733576572,sell,2019-10-11
179,DUK,2019-09-13,8.0,93.9000015258789,95.12999725341797,1.2333041355728191,92.66669739030608,95.75748424964715,97.59991393259736,100.40753992683977,sell,2019-10-14
180,HWM,2019-10-10,19.0,26.020000457763672,27.010000228881836,0.5713540795245603,25.44864637823911,27.242159941761027,27.734062696337354,29.71352261612317,sell,2019-10-18
181,HWM,2019-10-21,32.0,27.040000915527344,27.040000915527344,0.5817336760225893,26.458267239504753,26.458267239504753,28.785201943595112,28.785201943595112,buy,
182,CHD,2019-10-22,12.0,74.18000030517578,74.18000030517578,1.211729339718103,72.96827096545768,72.96827096545768,77.8151883243301,77.81555899503007,buy,
183,ALGN,2019-10-22,2.0,213.60000610351562,213.60000610351562,6.386816022834862,207.21319008068076,207.21403317839503,232.76045417202022,232.76045417202022,buy,
184,DLTR,2019-09-24,6.0,113.37000274658203,115.5999984741211,2.660555281222983,110.70944746535905,116.25247824185574,121.35166859025098,125.00257504005778,sell,2019-10-24
185,PEAK,2019-10-25,11.0,36.29999923706055,36.29999923706055,0.6205399255446528,35.67945931151589,35.67958286866519,38.161619013694505,38.161619013694505,buy,
186,MAA,2019-09-11,9.0,128.5500030517578,134.9499969482422,1.9605307452294276,126.58947230652838,135.15352872623862,134.4315952874461,141.97941626269042,sell,2019-10-28
187,LEN,2019-10-10,4.0,58.849998474121094,60.27000045776367,1.2062668352299641,57.64373163889113,60.85213139185559,62.468798979810984,65.3236107072457,sell,2019-10-28
188,KIM,2019-10-10,12.0,20.540000915527344,20.959999084472656,0.2983240566313261,20.241676858896017,21.102275393721712,21.434973085421323,22.253171377428618,sell,2019-10-28
189,KIM,2019-10-29,48.0,21.1200008392334,21.1200008392334,0.3041107494601012,20.815890089773298,20.815933648513813,22.0323330876137,22.0323330876137,buy,
190,LEN,2019-10-29,15.0,59.470001220703125,59.470001220703125,1.2037902679216268,58.2662109527815,58.2662109527815,63.081372024468,63.08216762541964,buy,
191,WMT,2019-10-07,7.0,117.2300033569336,117.1500015258789,1.653949981159911,115.57605337577368,118.56265904533146,122.19185330041333,125.27201431908375,sell,2019-10-29
192,CHD,2019-10-22,12.0,74.18000030517578,73.6500015258789,1.211729339718103,72.96827096545768,74.55785855489275,77.8151883243301,79.32642433532176,sell,2019-10-29
193,AAPL,2019-11-05,8.0,257.1300048828125,257.1300048828125,4.423989005886287,252.70601587692622,252.7071508300179,270.4019719004714,270.4019719004714,buy,
194,AIG,2019-11-05,1.0,54.810001373291016,54.810001373291016,1.1319577379720573,53.67804363531896,53.67822812414473,58.20587458720719,58.20587458720719,buy,
195,PEAK,2019-10-25,11.0,36.29999923706055,35.779998779296875,0.6205399255446528,35.67945931151589,36.91694383964811,38.161619013694505,39.72916420859473,sell,2019-11-05
196,KIM,2019-10-29,48.0,21.1200008392334,21.280000686645508,0.3041107494601012,20.815890089773298,21.41336137590224,22.0323330876137,22.719914956765933,sell,2019-11-05
197,LEN,2019-10-29,15.0,59.470001220703125,58.36000061035156,1.2037902679216268,58.2662109527815,58.91927142729588,63.081372024468,64.00218022494828,sell,2019-11-05
198,NEM,2019-11-06,61.0,37.650001525878906,37.650001525878906,0.9127671113471952,36.73723441453171,36.73723441453171,40.38830285992049,40.38857356992483,buy,
199,DE,2019-10-07,3.0,166.5500030517578,175.97000122070312,3.461542109939431,163.08846094181837,175.9912489944137,176.93462938157612,187.70624569254014,sell,2019-11-06
200,WMT,2019-11-07,11.0,120.2300033569336,120.2300033569336,1.4114565043222844,118.8185468526113,118.81884082993524,124.46437286990044,124.46437286990044,buy,
201,CBOE,2019-11-08,6.0,114.87999725341797,114.87999725341797,2.6120407711332234,112.26795648228475,112.26815350877257,122.71611956681764,122.71611956681764,buy,
202,EIX,2019-11-08,1.0,66.30000305175781,66.30000305175781,2.0063364901769702,64.29366656158084,64.29366656158084,72.31901252228872,72.32117837550723,buy,
203,NEM,2019-11-06,61.0,37.650001525878906,36.61000061035156,0.9127671113471952,36.73723441453171,36.73723441453171,40.38830285992049,40.38857356992483,sell,2019-11-08
204,MAA,2019-11-11,6.0,132.89999389648438,132.89999389648438,1.9345609137476902,130.96543298273667,130.96543298273667,138.70367663772745,138.70543563984424,buy,
205,REGN,2019-11-11,2.0,344.2799987792969,344.2799987792969,9.151791111522478,335.1282076677744,335.1282076677744,371.7353721138643,371.7403971954286,buy,
206,CRM,2019-11-12,4.0,162.86000061035156,162.86000061035156,3.2260218521120256,159.63397875823955,159.63397875823955,172.53806616668763,172.54023453862854,buy,
207,NEM,2019-11-12,2.0,36.900001525878906,36.900001525878906,0.8649010275339032,36.035100498345,36.035100498345,39.49470460848062,39.49513286297467,buy,
208,CDW,2019-11-13,2.0,135.47999572753906,135.47999572753906,2.585881682019272,132.89411404551979,132.8944312829497,143.23764077359687,143.23764077359687,buy,
209,LEN,2019-11-13,1.0,59.310001373291016,59.310001373291016,1.411648867983664,57.89835250530735,57.89835250530735,63.54494797724201,63.552641639580735,buy,
210,AIG,2019-11-05,1.0,54.810001373291016,54.720001220703125,1.1319577379720573,53.67804363531896,54.82647178899259,58.20587458720719,59.160584022670655,sell,2019-11-13
211,REGN,2019-11-11,2.0,344.2799987792969,338.3900146484375,9.151791111522478,335.1282076677744,339.2994331801212,371.7353721138643,375.74171510807395,sell,2019-11-14
212,CDW,2019-11-13,2.0,135.47999572753906,132.82000732421875,2.585881682019272,132.89411404551979,132.8944312829497,143.23764077359687,143.23764077359687,sell,2019-11-14
213,CPRT,2019-11-15,5.0,85.98999786376953,85.98999786376953,1.534977175281345,84.45502068848819,84.4552899277593,90.59492938961357,90.59492938961357,buy,
214,GD,2019-11-15,1.0,187.0800018310547,187.0800018310547,2.820451904587517,184.25954992646717,184.25998834583876,195.54135754481723,195.54135754481723,buy,
215,WMT,2019-11-07,11.0,120.2300033569336,118.87000274658203,1.4114565043222844,118.8185468526113,119.4649939306154,124.46437286990044,126.12815032934428,sell,2019-11-15
216,BK,2019-11-19,12.0,48.689998626708984,48.689998626708984,0.7572552599103666,47.93274336679862,47.932827881225286,50.96176440644008,50.96176440644008,buy,
217,LW,2019-11-19,4.0,83.75,83.75,1.3900158721459015,82.3599841278541,82.36008392562701,87.9200476164377,87.9200476164377,buy,
218,UDR,2019-11-20,12.0,48.779998779296875,48.779998779296875,0.6882008252527129,48.09179795404416,48.09179795404416,50.84460125505501,50.84485186329031,buy,
219,AAPL,2019-11-05,8.0,257.1300048828125,263.19000244140625,4.423989005886287,252.70601587692622,263.3238529216024,270.4019719004714,278.4284656492554,sell,2019-11-20
220,CPRT,2019-11-15,5.0,85.98999786376953,84.91999816894531,1.534977175281345,84.45502068848819,84.92232270479822,90.59492938961357,90.75302089927722,sell,2019-11-20
221,HRL,2019-11-21,37.0,42.720001220703125,42.720001220703125,0.47489053383288804,42.245110686870234,42.24516026818461,44.14467282220179,44.14467282220179,buy,
222,MAA,2019-11-11,6.0,132.89999389648438,135.3800048828125,1.9345609137476902,130.96543298273667,136.26658937671914,138.70367663772745,144.52023919406133,sell,2019-11-21
223,GD,2019-11-15,1.0,187.0800018310547,182.9499969482422,2.820451904587517,184.25954992646717,184.25998834583876,195.54135754481723,195.54135754481723,sell,2019-11-21
224,UDR,2019-11-20,12.0,48.779998779296875,47.849998474121094,0.6882008252527129,48.09179795404416,48.09179795404416,50.84460125505501,50.84485186329031,sell,2019-11-21
225,MNST,2019-11-25,26.0,58.65999984741211,58.65999984741211,1.1487324864278154,57.51126736098429,57.51151857175151,62.106197306695556,62.106197306695556,buy,
226,GRMN,2019-11-26,5.0,98.29000091552734,98.29000091552734,1.6371113449754455,96.65288957055189,96.65288957055189,103.20133495045368,103.2029475952454,buy,
227,LNT,2019-11-26,6.0,52.970001220703125,52.970001220703125,0.7584228009800894,52.21157841972303,52.21172731166516,55.245269623643395,55.245269623643395,buy,
228,CBOE,2019-11-08,6.0,114.87999725341797,119.5199966430664,2.6120407711332234,112.26795648228475,121.5533943719377,122.71611956681764,130.4217580574244,sell,2019-11-26
229,EIX,2019-11-08,1.0,66.30000305175781,69.0,2.0063364901769702,64.29366656158084,69.56392290439092,72.31901252228872,76.30823128682724,sell,2019-11-26
230,STZ,2019-11-27,1.0,185.75,185.75,3.6975684904714834,182.0524315095285,182.05275688028772,196.84270547141446,196.84270547141446,buy,
231,AEP,2019-11-27,3.0,91.58999633789062,91.58999633789062,1.2063992864926458,90.38359705139798,90.38372330829417,95.20919419736856,95.20919419736856,buy,
232,AAPL,2019-12-05,1.0,265.5799865722656,265.5799865722656,4.048005765161302,261.53198080710433,261.5329204419543,277.7240038677495,277.7240038677495,buy,
233,HSY,2019-12-05,2.0,149.97000122070312,149.97000122070312,2.300372157268955,147.66962906343417,147.66962906343417,156.87111769250998,156.87414062624904,buy,
234,STX,2019-10-09,37.0,52.16999816894531,58.59000015258789,1.4211186259589588,50.74887954298635,59.23211513791529,56.43335404682219,63.55892000195384,sell,2019-12-05
235,HWM,2019-10-21,32.0,27.040000915527344,30.479999542236328,0.5817336760225893,26.458267239504753,30.756059857238213,28.785201943595112,32.89182409039473,sell,2019-12-05
236,CRM,2019-11-12,4.0,162.86000061035156,158.22000122070312,3.2260218521120256,159.63397875823955,161.18823641102625,172.53806616668763,173.23527855989,sell,2019-12-05
237,GRMN,2019-11-26,5.0,98.29000091552734,95.5999984741211,1.6371113449754455,96.65288957055189,96.65288957055189,103.20133495045368,103.2029475952454,sell,2019-12-05
238,STZ,2019-11-27,1.0,185.75,182.4600067138672,3.6975684904714834,182.0524315095285,182.5127399373787,196.84270547141446,196.84270547141446,sell,2019-12-05
239,CME,2019-12-06,5.0,205.9600067138672,205.9600067138672,3.5149705486462386,202.44503616522096,202.44503616522096,216.5049183598059,216.50529313613168,buy,
240,LEN,2019-11-13,1.0,59.310001373291016,58.75,1.411648867983664,57.89835250530735,59.1828571495936,63.54494797724201,64.251431602977,sell,2019-12-06
241,STX,2019-12-09,12.0,57.119998931884766,57.119998931884766,1.1608601644167722,55.95913876746799,55.95951233688313,60.60257942513508,60.60257942513508,buy,
242,HWM,2019-12-10,54.0,31.010000228881836,31.010000228881836,0.5039744992498963,30.50602572963194,30.50602572963194,32.52192372663153,32.52192372663153,buy,
243,REGN,2019-12-11,1.0,373.5299987792969,373.5299987792969,8.63936032895592,364.89063845034093,364.89063845034093,399.44807976616465,399.4573122051537,buy,
244,MAA,2019-12-11,2.0,131.63999938964844,131.63999938964844,2.0655003167715353,129.5744990728769,129.5748310831313,137.83650033996304,137.83650033996304,buy,
245,LEN,2019-12-11,3.0,59.720001220703125,59.720001220703125,1.148617389343381,58.571383831359746,58.571656894784944,63.16585338873327,63.16585338873327,buy,
246,VAR,2019-12-12,2.0,141.86000061035156,141.86000061035156,2.519029667272594,139.34097094307896,139.34145681033448,149.41708961216935,149.41708961216935,buy,
247,ALGN,2019-10-22,2.0,213.60000610351562,268.3900146484375,6.386816022834862,207.21319008068076,273.4036224645425,232.76045417202022,298.2691130751225,sell,2019-12-12
248,AEP,2019-11-27,3.0,91.58999633789062,91.13999938964844,1.2063992864926458,90.38359705139798,91.30848586859642,95.20919419736856,95.91453873210136,sell,2019-12-12
249,HSY,2019-12-05,2.0,149.97000122070312,146.82000732421875,2.300372157268955,147.66962906343417,147.7126204938287,156.87111769250998,156.87414062624904,sell,2019-12-12
250,LEN,2019-12-11,3.0,59.720001220703125,58.060001373291016,1.148617389343381,58.571383831359746,58.571656894784944,63.16585338873327,63.16585338873327,sell,2019-12-12
251,SLG,2019-12-13,6.0,88.69999694824219,88.69999694824219,1.5607757401701934,87.13922120807199,87.13956706160994,93.38232416875277,93.38232416875277,buy,
252,BK,2019-11-19,12.0,48.689998626708984,50.220001220703125,0.7572552599103666,47.93274336679862,50.50654812401194,50.96176440644008,53.36036051077669,sell,2019-12-13
253,HRL,2019-11-21,37.0,42.720001220703125,44.900001525878906,0.47489053383288804,42.245110686870234,45.03707688736063,44.14467282220179,47.92876262405093,sell,2019-12-13
254,NEM,2019-11-12,2.0,36.900001525878906,40.470001220703125,0.8649010275339032,36.035100498345,40.57590004319425,39.49470460848062,43.432303532526625,sell,2019-12-17
255,MAA,2019-12-11,2.0,131.63999938964844,128.0800018310547,2.0655003167715353,129.5744990728769,129.5748310831313,137.83650033996304,137.83650033996304,sell,2019-12-17
256,NEM,2019-12-18,25.0,40.97999954223633,40.97999954223633,0.7127235939518176,40.267275948284514,40.267491174021785,43.11817032409178,43.11817032409178,buy,
257,CME,2019-12-06,5.0,205.9600067138672,200.49000549316406,3.5149705486462386,202.44503616522096,202.44503616522096,216.5049183598059,216.50529313613168,sell,2019-12-18
258,HWM,2019-12-10,54.0,31.010000228881836,30.770000457763672,0.5039744992498963,30.50602572963194,31.316762118218104,32.52192372663153,33.24971059358788,sell,2019-12-18
259,CME,2019-12-19,2.0,204.72000122070312,204.72000122070312,3.443165351966431,201.2768358687367,201.27706999157402,215.0494972766024,215.0494972766024,buy,
260,LNT,2019-11-26,6.0,52.970001220703125,54.220001220703125,0.7584228009800894,52.21157841972303,54.23693908465134,55.245269623643395,57.08918579780379,sell,2019-12-26
261,CME,2019-12-19,2.0,204.72000122070312,199.17999267578125,3.443165351966431,201.2768358687367,201.27706999157402,215.0494972766024,215.0494972766024,sell,2019-12-30
262,XEL,2019-12-31,17.0,63.4900016784668,63.4900016784668,0.7705137455308677,62.71948793293593,62.71982622492648,65.8015429150594,65.8015429150594,buy,
263,CHD,2020-01-02,12.0,70.02999877929688,70.02999877929688,0.9160041985268301,69.11399458077004,69.11430054057769,72.77801137487737,72.77801137487737,buy,
264,LW,2019-11-19,4.0,83.75,84.08999633789062,1.3900158721459015,82.3599841278541,85.07634225803919,87.9200476164377,89.37097932939804,sell,2020-01-02
265,SLG,2019-12-13,6.0,88.69999694824219,88.91000366210938,1.5607757401701934,87.13922120807199,91.49749330881468,93.38232416875277,97.10752617707156,sell,2020-01-02
266,XEL,2019-12-31,17.0,63.4900016784668,62.380001068115234,0.7705137455308677,62.71948793293593,62.71982622492648,65.8015429150594,65.8015429150594,sell,2020-01-02
267,TMUS,2020-01-03,3.0,78.16999816894531,78.16999816894531,0.9956230924834533,77.17437507646186,77.17456668428078,81.15686744639567,81.15686744639567,buy,
268,STX,2019-12-09,12.0,57.119998931884766,58.90999984741211,1.1608601644167722,55.95913876746799,59.4442248230339,60.60257942513508,63.87687606016015,sell,2020-01-03
269,NEM,2019-12-18,25.0,40.97999954223633,42.83000183105469,0.7127235939518176,40.267275948284514,43.04885016667483,43.11817032409178,45.85344949997551,sell,2020-01-03
270,CLX,2020-01-06,24.0,153.3699951171875,153.3699951171875,1.7307153376211764,151.63927977956632,151.63927977956632,158.56214113005103,158.56290313268008,buy,
271,WM,2020-01-13,10.0,117.66000366210938,117.66000366210938,1.2825647894581405,116.37743887265124,116.37802608149187,121.5076980304838,121.5076980304838,buy,
272,NEM,2020-01-13,16.0,42.45000076293945,42.45000076293945,0.7764933386415791,41.673507424297874,41.67385075138188,44.77948077886419,44.77948077886419,buy,
273,TIF,2020-01-14,4.0,134.0399932861328,134.0399932861328,0.5108862012128225,133.52910708491999,133.52953905861543,135.5726518897713,135.5726518897713,buy,
274,NLOK,2020-01-15,12.0,27.5,27.5,0.5441647322121308,26.95583526778787,26.95600888933196,29.132494196636394,29.132494196636394,buy,
275,TGT,2020-01-15,2.0,117.0,117.0,2.5174532216234558,114.48254677837654,114.48292488703224,124.55235966487037,124.55235966487037,buy,
276,AAPL,2019-12-05,1.0,265.5799865722656,311.3399963378906,4.048005765161302,261.53198080710433,311.87965421873395,277.7240038677495,332.2010031641107,sell,2020-01-15
277,ROP,2020-01-17,1.0,379.739990234375,379.739990234375,5.163661656315634,374.57632857805936,374.57768655211953,395.2309752033219,395.2309752033219,buy,
278,ROST,2020-01-21,1.0,117.80000305175781,117.80000305175781,1.6951681129473817,116.10483493881043,116.10483493881043,122.88550739059995,122.88582931796115,buy,
279,REGN,2019-12-11,1.0,373.5299987792969,363.7099914550781,8.63936032895592,364.89063845034093,383.0289482598823,399.44807976616465,413.9131552203531,sell,2020-01-21
280,TGT,2020-01-15,2.0,117.0,114.04000091552734,2.5174532216234558,114.48254677837654,114.53622179688372,124.55235966487037,124.55235966487037,sell,2020-01-21
281,SYY,2020-01-22,3.0,83.13999938964844,83.13999938964844,0.9972211123982404,82.1427782772502,82.14296660762245,86.13166272684316,86.13166272684316,buy,
282,HSIC,2020-01-23,2.0,71.0,71.0,1.1949592358934271,69.80504076410658,69.80541673844832,74.58487770768028,74.58487770768028,buy,
283,CHD,2020-01-02,12.0,70.02999877929688,70.9800033569336,0.9160041985268301,69.11399458077004,71.60471459275462,72.77801137487737,75.18585622173615,sell,2020-01-23
284,HSY,2020-01-24,2.0,154.67999267578125,154.67999267578125,2.008071589608044,152.6719210861732,152.6719210861732,160.70420744460537,160.70452942861462,buy,
285,NOC,2020-01-24,1.0,381.6400146484375,381.6400146484375,6.14899677126397,375.49101787717353,375.4925239349142,400.0870049622294,400.0870049622294,buy,
286,BK,2020-01-24,1.0,45.95000076293945,45.95000076293945,0.9821580205904992,44.96784274234896,44.967916257375094,48.89647482471095,48.89647482471095,buy,
287,ROST,2020-01-21,1.0,117.80000305175781,115.76000213623047,1.6951681129473817,116.10483493881043,116.49109190785501,122.88550739059995,123.3667206143256,sell,2020-01-24
288,INTC,2020-01-27,1.0,65.69000244140625,65.69000244140625,1.466191987097296,64.22381045430896,64.22381045430896,70.08857840269813,70.08913654098168,buy,
289,AIZ,2020-01-27,1.0,128.0,128.0,1.887946332379205,126.1120536676208,126.11308933678022,133.66383899713762,133.66383899713762,buy,
290,MNST,2019-11-25,26.0,58.65999984741211,66.5999984741211,1.1487324864278154,57.51126736098429,66.87710651926413,62.106197306695556,70.44866701447323,sell,2020-01-27
291,VAR,2019-12-12,2.0,141.86000061035156,145.5500030517578,2.519029667272594,139.34097094307896,147.72148423031524,149.41708961216935,155.11557660592928,sell,2020-01-27
292,TMUS,2020-01-03,3.0,78.16999816894531,80.72000122070312,0.9956230924834533,77.17437507646186,81.45121905393162,81.15686744639567,85.60633429328325,sell,2020-01-27
293,NLOK,2020-01-15,12.0,27.5,27.43000030517578,0.5441647322121308,26.95583526778787,27.849341445240693,29.132494196636394,30.051974138399018,sell,2020-01-27
294,ROP,2020-01-17,1.0,379.739990234375,372.4800109863281,5.163661656315634,374.57632857805936,374.57768655211953,395.2309752033219,395.2309752033219,sell,2020-01-27
295,SYY,2020-01-22,3.0,83.13999938964844,82.33999633789062,0.9972211123982404,82.1427782772502,82.58924647665307,86.13166272684316,86.59224592160326,sell,2020-01-27
296,CME,2020-01-28,5.0,213.2100067138672,213.2100067138672,3.0213035448152437,210.18870316905193,210.18870316905193,222.27391734831292,222.27495199739602,buy,
297,CLX,2020-01-06,24.0,153.3699951171875,156.07000732421875,1.7307153376211764,151.63927977956632,157.92671399179974,158.56214113005103,166.05988488006955,sell,2020-01-28
298,HSY,2020-01-24,2.0,154.67999267578125,152.19000244140625,2.008071589608044,152.6719210861732,152.6719210861732,160.70420744460537,160.70452942861462,sell,2020-01-28
299,CHD,2020-01-29,20.0,72.69999694824219,72.69999694824219,1.0890139245134542,71.61098302372874,71.61098302372874,75.96703872178254,75.96851804467563,buy,
300,BK,2020-01-24,1.0,45.95000076293945,44.459999084472656,0.9821580205904992,44.96784274234896,44.967916257375094,48.89647482471095,48.89647482471095,sell,2020-01-29
301,HSIC,2020-01-23,2.0,71.0,68.94000244140625,1.1949592358934271,69.80504076410658,70.01876107456604,74.58487770768028,75.82372165911438,sell,2020-01-31
302,NOC,2020-01-24,1.0,381.6400146484375,374.57000732421875,6.14899677126397,375.49101787717353,377.8071926201014,400.0870049622294,406.0584026084459,sell,2020-01-31
303,INTC,2020-01-27,1.0,65.69000244140625,63.93000030517578,1.466191987097296,64.22381045430896,65.81347156198635,70.08857840269813,71.79957554841597,sell,2020-01-31
304,MSCI,2020-02-03,9.0,292.6499938964844,292.6499938964844,6.547430950156304,286.1025629463281,286.10280823289924,312.29228674695327,312.29228674695327,buy,
305,TMUS,2020-02-03,5.0,79.45999908447266,79.45999908447266,1.2217457187200012,78.23825336575266,78.23825336575266,83.12523624063266,83.12577841832419,buy,
306,CME,2020-01-28,5.0,213.2100067138672,214.57000732421875,3.0213035448152437,210.18870316905193,215.5217477250011,222.27391734831292,228.55475194218425,sell,2020-02-03
307,REGN,2020-02-04,5.0,356.0,356.0,9.892419178345165,346.10758082165484,346.1079769054317,385.6772575350355,385.6772575350355,buy,
308,NEM,2020-01-13,16.0,42.45000076293945,44.22999954223633,0.7764933386415791,41.673507424297874,44.821514575911536,44.77948077886419,47.89545688261695,sell,2020-02-04
309,NFLX,2020-02-05,4.0,369.6700134277344,369.6700134277344,10.567555182884165,359.1024582448502,359.1039722651765,401.37267897638685,401.37267897638685,buy,
310,NLOK,2020-02-05,4.0,17.639999389648438,17.639999389648438,1.244785339935714,16.395214049712724,16.395332070668946,21.37435540945558,21.37435540945558,buy,
311,EFX,2020-02-06,4.0,155.97000122070312,155.97000122070312,2.4284576233163038,153.54154359738683,153.54208122489035,163.25537409065203,163.25537409065203,buy,
312,TSCO,2020-02-06,2.0,96.58999633789062,96.58999633789062,2.7551615332791988,93.83483480461143,93.83515171894514,104.85548093772822,104.85548093772822,buy,
313,ROL,2020-02-13,6.0,39.810001373291016,39.810001373291016,0.6589617880657185,39.1510395852253,39.1510395852253,41.786886737488175,41.78708433002606,buy,
314,EVRG,2020-02-18,2.0,73.87999725341797,73.87999725341797,1.0809399882303272,72.79905726518764,72.79918879709422,77.12281721810895,77.12281721810895,buy,
315,EFX,2020-02-06,4.0,155.97000122070312,159.6300048828125,2.4284576233163038,153.54154359738683,159.9684929071382,163.25537409065203,171.93454813405413,sell,2020-02-18
316,DGX,2020-02-19,1.0,113.4800033569336,113.4800033569336,1.5796308999992121,111.90037245693438,111.90055950540601,118.21889605693123,118.21889605693123,buy,
317,WM,2020-01-13,10.0,117.66000366210938,124.05000305175781,1.2825647894581405,116.37743887265124,124.77758205054177,121.5076980304838,130.54725873118718,sell,2020-02-20
318,MSCI,2020-02-03,9.0,292.6499938964844,321.7099914550781,6.547430950156304,286.1025629463281,325.0848180316236,312.29228674695327,353.1854873113792,sell,2020-02-20
319,CL,2020-02-21,3.0,76.2699966430664,76.2699966430664,1.1297399888087176,75.14025665425768,75.14025665425768,79.65921660949256,79.65926280720039,buy,
320,NEM,2020-02-24,19.0,50.2599983215332,50.2599983215332,1.0628947345280206,49.19710358700518,49.19728680547335,53.44868252511726,53.44868252511726,buy,
321,MTB,2020-02-24,3.0,163.86000061035156,163.86000061035156,3.0029934930446003,160.85700711730695,160.85700711730695,172.86898108948537,172.87422442663575,buy,
322,TIF,2020-01-14,4.0,134.0399932861328,133.9600067138672,0.5108862012128225,133.52910708491999,134.10375883817275,135.5726518897713,135.58841635603093,sell,2020-02-24
323,AIZ,2020-01-27,1.0,128.0,137.24000549316406,1.887946332379205,126.1120536676208,140.0026841001868,133.66383899713762,150.07196478928336,sell,2020-02-24
324,TMUS,2020-02-03,5.0,79.45999908447266,96.37000274658203,1.2217457187200012,78.23825336575266,98.35732732300897,83.12523624063266,106.88800948605119,sell,2020-02-24
325,NFLX,2020-02-05,4.0,369.6700134277344,368.70001220703125,10.567555182884165,359.1024582448502,378.06425694628405,401.37267897638685,416.92722427833536,sell,2020-02-24
326,TSCO,2020-02-06,2.0,96.58999633789062,96.45999908447266,2.7551615332791988,93.83483480461143,97.52070030055654,104.85548093772822,106.55789421551788,sell,2020-02-24
327,ROL,2020-02-13,6.0,39.810001373291016,39.65999984741211,0.6589617880657185,39.1510395852253,39.802067478110374,41.786886737488175,42.313798786372,sell,2020-02-24
328,EVRG,2020-02-18,2.0,73.87999725341797,71.98999786376953,1.0809399882303272,72.79905726518764,72.87071176036159,77.12281721810895,77.12281721810895,sell,2020-02-24
329,CL,2020-02-21,3.0,76.2699966430664,74.41999816894531,1.1297399888087176,75.14025665425768,75.14025665425768,79.65921660949256,79.65926280720039,sell,2020-02-24
330,GILD,2020-02-25,4.0,70.0999984741211,70.0999984741211,2.0939646766869515,68.00603379743414,68.00603379743414,76.38189250418195,76.38213161457958,buy,
331,CHD,2020-01-29,20.0,72.69999694824219,74.76000213623047,1.0890139245134542,71.61098302372874,75.45410506361561,75.96703872178254,80.0776872505594,sell,2020-02-25
332,NLOK,2020-02-05,4.0,17.639999389648438,19.1299991607666,1.244785339935714,16.395214049712724,19.83965925176902,21.37435540945558,24.208522932232704,sell,2020-02-25
333,DGX,2020-02-19,1.0,113.4800033569336,110.4000015258789,1.5796308999992121,111.90037245693438,111.90055950540601,118.21889605693123,118.21889605693123,sell,2020-02-25
334,NEM,2020-02-24,19.0,50.2599983215332,49.13999938964844,1.0628947345280206,49.19710358700518,49.19728680547335,53.44868252511726,53.44868252511726,sell,2020-02-25
335,MTB,2020-02-24,3.0,163.86000061035156,155.9499969482422,3.0029934930446003,160.85700711730695,160.85700711730695,172.86898108948537,172.87422442663575,sell,2020-02-25
336,NEM,2020-02-26,43.0,49.400001525878906,49.400001525878906,1.1447919079078201,48.25520961797108,48.2553320138283,52.83437724960237,52.83437724960237,buy,
337,HPQ,2020-02-26,66.0,22.709999084472656,22.709999084472656,0.520486931661888,22.189512152810767,22.189534070581043,24.27145987945832,24.27145987945832,buy,
338,CHD,2020-02-26,16.0,74.43000030517578,74.43000030517578,1.2337517804966742,73.1962485246791,73.19660428284662,78.1312556466658,78.1312556466658,buy,
339,REGN,2020-02-04,5.0,356.0,431.6099853515625,9.892419178345165,346.10758082165484,443.57272781419675,385.6772575350355,500.9618702683473,sell,2020-02-27
340,NEM,2020-02-26,43.0,49.400001525878906,46.529998779296875,1.1447919079078201,48.25520961797108,48.2553320138283,52.83437724960237,52.83437724960237,sell,2020-02-27
341,HPQ,2020-02-26,66.0,22.709999084472656,21.8799991607666,0.520486931661888,22.189512152810767,22.189534070581043,24.27145987945832,24.27145987945832,sell,2020-02-27
342,CHD,2020-02-26,16.0,74.43000030517578,71.86000061035156,1.2337517804966742,73.1962485246791,73.19660428284662,78.1312556466658,78.1312556466658,sell,2020-02-27
343,CLX,2020-02-28,36.0,159.4199981689453,159.4199981689453,3.661983138717747,155.75801503022757,155.75885926546118,170.40594758509855,170.40594758509855,buy,
344,GILD,2020-02-25,4.0,70.0999984741211,69.36000061035156,2.0939646766869515,68.00603379743414,72.37193739969423,76.38189250418195,81.68417559388607,sell,2020-02-28
345,NEM,2020-03-02,51.0,46.83000183105469,46.83000183105469,1.5863183508180294,45.243683480236655,45.24390533459684,51.58895688350878,51.58895688350878,buy,
346,CHD,2020-03-02,9.0,74.95999908447266,74.95999908447266,1.846666715530341,73.11333236894231,73.11353613144833,80.49999923106368,80.49999923106368,buy,
347,REGN,2020-03-03,1.0,461.54998779296875,461.54998779296875,17.35343233313315,444.1965554598356,444.19763288385553,513.6102847923682,513.6102847923682,buy,
348,GILD,2020-03-03,9.0,74.20999908447266,74.20999908447266,3.1598752429368053,71.05012384153585,71.0504961309256,83.68962481328307,83.68962481328307,buy,
349,TMUS,2020-03-03,4.0,89.37000274658203,89.37000274658203,2.705515265526481,86.66448748105555,86.66471667032278,97.48654854316148,97.48654854316148,buy,
350,CHD,2020-03-02,9.0,74.95999908447266,73.05999755859375,1.846666715530341,73.11333236894231,73.11353613144833,80.49999923106368,80.49999923106368,sell,2020-03-03
351,CTXS,2020-03-04,1.0,110.12999725341797,110.12999725341797,3.0835856521464953,107.04641160127147,107.04666715087684,119.38075420985746,119.38075420985746,buy,
352,NFLX,2020-03-05,2.0,372.7799987792969,372.7799987792969,14.85706449331612,357.9229342859808,357.92527637016224,417.35119225924524,417.35119225924524,buy,
353,DG,2020-03-05,1.0,157.47999572753906,157.47999572753906,4.433444912163801,153.04655081537527,153.04655081537527,170.78033046403047,170.78057866692635,buy,
354,NLOK,2020-03-05,4.0,19.350000381469727,19.350000381469727,0.9180389736404809,18.431961407829245,18.43198342628374,22.10411730239117,22.10411730239117,buy,
355,TMUS,2020-03-03,4.0,89.37000274658203,89.86000061035156,2.705515265526481,86.66448748105555,90.9697930247478,97.48654854316148,102.33061116013161,sell,2020-03-05
356,GIS,2020-03-06,13.0,54.77000045776367,54.77000045776367,1.5010253645015832,53.268975093262085,53.26910584989117,59.273076551268424,59.273076551268424,buy,
357,COG,2020-03-13,17.0,18.3700008392334,18.3700008392334,1.1644089407138098,17.20559189851959,17.20559189851959,21.86322766137483,21.863537422494247,buy,
358,CLX,2020-02-28,36.0,159.4199981689453,167.77000427246094,3.661983138717747,155.75801503022757,170.8575535154703,170.40594758509855,190.82736386765163,sell,2020-03-13
359,NEM,2020-03-02,51.0,46.83000183105469,39.5,1.5863183508180294,45.243683480236655,50.47677667660736,51.58895688350878,57.9696638666623,sell,2020-03-13
360,REGN,2020-03-03,1.0,461.54998779296875,465.54998779296875,17.35343233313315,444.1965554598356,475.7463037766995,513.6102847923682,550.4810593730265,sell,2020-03-13
361,GILD,2020-03-03,9.0,74.20999908447266,70.75,3.1598752429368053,71.05012384153585,76.90387054122903,83.68962481328307,90.16839325912544,sell,2020-03-13
362,CTXS,2020-03-04,1.0,110.12999725341797,113.66999816894531,3.0835856521464953,107.04641160127147,114.02383335134691,119.38075420985746,129.7753137895365,sell,2020-03-13
363,NFLX,2020-03-05,2.0,372.7799987792969,336.29998779296875,14.85706449331612,357.9229342859808,357.92527637016224,417.35119225924524,417.35119225924524,sell,2020-03-13
364,DG,2020-03-05,1.0,157.47999572753906,145.80999755859375,4.433444912163801,153.04655081537527,153.7817224005185,170.78033046403047,172.1748523296945,sell,2020-03-13
365,NLOK,2020-03-05,4.0,19.350000381469727,17.450000762939453,0.9180389736404809,18.431961407829245,18.43198342628374,22.10411730239117,22.10411730239117,sell,2020-03-13
366,REGN,2020-03-16,10.0,440.8299865722656,440.8299865722656,25.549305005413288,415.2806815668523,415.28176956486124,517.4779015885055,517.4779015885055,buy,
367,COG,2020-03-13,17.0,18.3700008392334,17.110000610351562,1.1644089407138098,17.20559189851959,17.20559189851959,21.86322766137483,21.863537422494247,sell,2020-03-16
368,KR,2020-03-17,25.0,33.0,33.0,1.8563332491639988,31.143666750836,31.14376130528494,38.56899974749199,38.56899974749199,buy,
369,COG,2020-03-17,23.0,19.09000015258789,19.09000015258789,1.4347710343362319,17.655229118251658,17.655229118251658,23.394313255596586,23.394370434138672,buy,
370,GIS,2020-03-06,13.0,54.77000045776367,53.68000030517578,1.5010253645015832,53.268975093262085,56.775160675972494,59.273076551268424,68.35451064786378,sell,2020-03-19
371,COG,2020-03-17,23.0,19.09000015258789,16.90999984741211,1.4347710343362319,17.655229118251658,17.655229118251658,23.394313255596586,23.394370434138672,sell,2020-03-19
372,GILD,2020-03-20,1.0,73.26000213623047,73.26000213623047,5.199316735801092,68.06068540042938,68.06078292787963,88.85795234363374,88.85795234363374,buy,
373,REGN,2020-03-16,10.0,440.8299865722656,438.45001220703125,25.549305005413288,415.2806815668523,462.8119563019066,517.4779015885055,583.5746643536543,sell,2020-03-20
374,KR,2020-03-17,25.0,33.0,31.770000457763672,1.8563332491639988,31.143666750836,32.07148926325359,38.56899974749199,40.50553343094235,sell,2020-03-20
375,REGN,2020-03-23,9.0,455.6300048828125,455.6300048828125,34.34448066344127,421.2855242193712,421.28703408713335,558.6634468731363,558.6634468731363,buy,
376,KR,2020-03-23,52.0,31.079999923706055,31.079999923706055,2.1709196339326366,28.909080289773417,28.909080289773417,37.592758825503964,37.59329599215589,buy,
377,CARR,2020-03-25,124.0,13.449999809265137,13.449999809265137,0.3520329817788197,13.097966827486317,13.097966827486317,14.506098754601595,14.506098754601595,buy,
378,NEM,2020-03-25,6.0,47.540000915527344,47.540000915527344,4.29854503426979,43.24145588125755,43.24154385942085,60.435636018336716,60.435636018336716,buy,
379,KR,2020-03-23,52.0,31.079999923706055,27.940000534057617,2.1709196339326366,28.909080289773417,28.909080289773417,37.592758825503964,37.59329599215589,sell,2020-03-25
380,CARR,2020-03-25,124.0,13.449999809265137,14.550000190734863,0.3520329817788197,13.097966827486317,14.980254897613376,14.506098754601595,16.85923454422042,sell,2020-03-27
381,CARR,2020-03-30,129.0,15.899999618530273,15.899999618530273,0.6404943108127874,15.259505307717486,15.259505307717486,17.821482550968636,17.821482550968636,buy,
382,KR,2020-04-01,58.0,30.5,30.5,1.9806600320350947,28.519339967964907,28.519458859524455,36.44198009610528,36.44198009610528,buy,
383,CARR,2020-03-30,129.0,15.899999618530273,15.050000190734863,0.6404943108127874,15.259505307717486,16.46311245564646,17.821482550968636,19.610662633060613,sell,2020-04-01
384,LB,2020-04-03,5.0,11.34000015258789,11.34000015258789,1.8815292837922557,9.458470868795635,9.458618518684181,16.984588003964657,16.984588003964657,buy,
385,CLX,2020-04-06,10.0,181.3800048828125,181.3800048828125,9.318345350846647,172.06165953196586,172.06166178139594,209.33504093535242,209.33504093535242,buy,
386,GIS,2020-04-06,12.0,57.70000076293945,57.70000076293945,3.0345685233608233,54.66543223957863,54.665630802532064,66.80370633302192,66.80370633302192,buy,
387,CTXS,2020-04-13,5.0,139.99000549316406,139.99000549316406,8.198684177526422,131.79132131563765,131.79176233828858,164.58605802574334,164.58605802574334,buy,
388,CARR,2020-04-13,12.0,13.989999771118164,13.989999771118164,1.3563518780488246,12.63364789306934,12.63364789306934,18.059055405264637,18.059055405264637,buy,
389,INCY,2020-04-17,4.0,100.0,100.0,3.9649916603272435,96.03500833967276,96.03513428757044,111.89497498098173,111.89497498098173,buy,
390,GILD,2020-03-20,1.0,73.26000213623047,78.52999877929688,5.199316735801092,68.06068540042938,79.7890828119489,88.85795234363374,96.5927430192314,sell,2020-04-21
391,LB,2020-04-03,5.0,11.34000015258789,12.0600004196167,1.8815292837922557,9.458470868795635,12.212787407068,16.984588003964657,19.641636558092877,sell,2020-04-21
392,CTXS,2020-04-13,5.0,139.99000549316406,141.55999755859375,8.198684177526422,131.79132131563765,144.77444909925566,164.58605802574334,173.16543969151414,sell,2020-04-23
393,NLOK,2020-04-27,25.0,21.280000686645508,21.280000686645508,0.9585108348943464,20.32148985175116,20.32148985175116,24.155533191328548,24.1557206778959,buy,
394,CAG,2020-04-27,11.0,34.599998474121094,34.599998474121094,1.3708971070409193,33.229101367080176,33.229207410328556,38.712689795243854,38.712689795243854,buy,
395,REGN,2020-03-23,9.0,455.6300048828125,528.6099853515625,34.34448066344127,421.2855242193712,542.9933650375144,558.6634468731363,646.3459410572987,sell,2020-04-28
396,CLX,2020-04-06,10.0,181.3800048828125,186.94000244140625,9.318345350846647,172.06165953196586,188.44261613649905,209.33504093535242,220.63217356315906,sell,2020-04-28
397,INCY,2020-04-17,4.0,100.0,97.66999816894531,3.9649916603272435,96.03500833967276,99.8231294841817,111.89497498098173,114.45062497518926,sell,2020-04-28
398,NFLX,2020-04-29,2.0,411.8900146484375,411.8900146484375,19.14954926062154,392.74046538781596,392.74052123944176,469.3386624303021,469.3386624303021,buy,
399,DG,2020-04-29,6.0,174.8000030517578,174.8000030517578,6.320187157426696,168.47981589433113,168.47981589433113,193.7605645240379,193.76316362968967,buy,
400,KR,2020-04-01,58.0,30.5,31.520000457763672,1.9806600320350947,28.519339967964907,31.97379010040803,36.44198009610528,38.34617066809214,sell,2020-04-29
401,NEM,2020-03-25,6.0,47.540000915527344,59.47999954223633,4.29854503426979,43.24145588125755,59.94904115312383,60.435636018336716,72.59287898203476,sell,2020-04-30
402,NEM,2020-05-01,70.0,60.9900016784668,60.9900016784668,2.9995515792431204,57.99045009922368,57.99048885239592,69.98865641619616,69.98865641619616,buy,
